QuestionID;QuestionLength;_JJ ;_NN ;_NNS ;_NNP ;_NNPS ;_PRP ;_RB ;_RBR ;_RBS ;ClassTotal
10000;8;1;0;1;2;0;0;0;0;0;1
10001;9;1;2;0;2;0;0;0;0;0;0
10002;10;0;2;1;1;0;0;0;0;0;0
10003;7;0;1;0;3;0;0;0;0;0;0
10004;8;0;2;0;2;0;0;0;0;0;0
10005;8;0;3;0;0;0;0;0;0;0;0
10006;18;1;6;0;0;0;0;0;0;0;0
10007;6;1;0;1;1;0;0;0;0;0;1
10008;9;1;1;0;4;0;0;0;0;0;0
10009;11;2;0;2;1;0;0;0;0;0;0
10010;11;2;1;0;2;0;0;0;0;0;1
10011;8;1;3;0;0;0;0;0;0;0;0
10012;7;0;1;0;4;0;0;0;0;0;0
10013;7;0;1;0;1;0;0;1;0;0;0
10014;10;1;0;3;0;0;0;1;0;0;0
10015;12;1;1;3;0;0;0;1;0;0;0
10016;8;0;1;1;3;0;0;0;0;0;0
10017;9;0;1;1;2;0;0;0;0;0;1
10018;10;1;0;1;2;0;0;0;0;0;1
10019;9;0;1;1;2;0;0;0;0;0;0
10020;8;1;2;0;1;0;0;0;0;0;0
10021;9;1;0;2;1;0;0;0;0;0;0
10022;12;0;3;1;2;0;0;0;0;0;1
10023;6;1;0;1;1;0;0;0;0;0;0
10024;13;0;3;0;3;0;0;0;0;0;0
10025;12;0;2;0;5;0;0;0;0;0;0
10026;5;0;0;0;2;0;0;0;0;0;0
10027;6;0;0;0;3;0;0;0;0;0;0
10028;16;1;4;0;0;0;1;0;0;0;1
10029;7;0;1;0;2;0;0;0;0;0;0
10030;12;0;0;0;7;0;0;0;0;0;0
10031;12;0;5;0;0;0;0;0;0;0;0
10032;13;0;1;0;4;0;0;1;0;0;0
10033;7;0;1;1;1;0;0;0;0;0;1
10034;6;1;2;0;0;0;0;0;0;0;0
10035;16;2;3;0;3;0;0;0;0;0;0
10036;13;0;1;2;3;0;0;0;0;0;0
10037;6;0;0;0;3;0;0;0;0;0;0
10038;11;0;1;0;5;0;0;0;0;0;0
10039;12;0;1;1;1;0;0;0;0;0;0
10040;14;1;2;1;2;0;0;0;0;0;1
10041;7;1;1;0;2;0;0;0;0;0;0
10042;12;1;1;2;1;0;0;0;0;0;1
10043;14;2;1;2;1;0;0;1;0;0;0
10044;7;0;1;0;3;0;0;0;0;0;0
10045;16;2;3;1;2;0;1;0;0;0;0
10046;6;0;2;0;2;0;0;0;0;0;1
10047;16;1;0;2;5;0;0;0;0;0;1
10048;5;0;0;0;2;0;0;0;0;0;0
10049;5;0;0;0;2;0;0;0;0;0;0
10050;10;1;0;2;2;0;0;0;0;0;1
10051;18;1;3;1;2;0;1;0;0;0;0
10052;14;1;1;2;2;0;0;0;0;0;1
10053;7;0;0;0;3;0;0;0;0;0;0
10054;13;1;3;0;0;0;0;0;0;0;0
10055;12;0;2;1;2;0;0;0;0;0;0
10056;16;0;3;0;3;0;0;0;0;0;0
10057;10;0;2;2;0;0;0;0;0;0;1
10058;10;2;0;2;0;0;0;0;0;0;0
10059;12;1;0;3;0;0;0;0;0;0;0
10060;10;0;2;0;4;0;0;0;0;0;0
10061;15;1;3;1;0;0;0;0;0;0;1
10062;7;0;2;0;2;0;0;0;0;0;0
10063;12;1;1;0;4;0;0;0;0;0;0
10064;9;2;1;1;0;0;0;0;0;0;1
10065;8;0;1;0;2;0;0;0;0;0;0
10066;8;1;3;0;0;0;0;0;0;0;0
10067;9;0;1;0;4;0;0;0;0;0;0
10068;11;1;0;2;1;0;1;0;0;0;1
10069;15;0;3;1;1;0;0;1;0;0;0
10070;7;0;1;0;2;0;0;0;0;0;0
10071;16;1;1;1;6;0;0;0;0;0;0
10072;13;0;3;1;1;0;0;0;0;0;0
10073;8;0;0;2;1;0;0;0;0;0;1
10074;8;0;2;0;2;0;0;0;0;0;0
10075;12;0;5;0;0;0;0;0;0;0;1
10076;11;0;1;2;0;0;0;0;0;0;1
10077;11;0;2;2;0;0;0;0;0;0;0
10078;11;1;1;0;4;0;0;0;0;0;0
10079;12;1;2;0;2;1;0;0;0;0;0
10080;8;0;0;2;1;0;0;0;0;0;1
10081;19;1;4;0;7;0;0;0;0;0;1
10082;7;0;1;1;0;0;0;0;0;0;1
10083;13;0;1;2;1;0;0;0;0;0;1
10084;8;0;0;0;4;0;0;0;0;0;0
10085;13;0;2;0;2;0;0;0;0;0;0
10086;14;0;2;0;3;0;0;0;0;0;1
10087;16;0;3;2;0;0;1;0;0;0;1
10088;6;1;1;0;1;0;0;0;0;0;0
10089;11;2;2;2;0;0;0;0;0;0;1
10090;13;0;0;2;1;0;0;0;0;0;1
10091;15;0;2;0;7;0;0;1;0;0;0
10092;11;1;0;2;3;0;0;0;0;0;0
10093;9;0;1;1;2;0;0;0;0;0;0
10094;7;0;1;1;2;0;0;0;0;0;1
10095;9;1;0;1;0;1;0;0;0;0;0
10096;7;0;0;0;2;0;0;0;0;0;0
10097;8;0;1;0;4;0;0;0;0;0;0
10098;12;0;1;2;2;0;0;0;0;0;0
10099;17;1;3;0;4;0;1;0;0;0;1
10100;15;1;2;1;2;0;0;0;0;0;0
10101;14;1;0;2;2;0;0;0;0;0;1
10102;8;1;3;0;0;0;0;0;0;0;0
10103;15;0;2;0;3;0;0;0;0;0;0
10104;12;2;2;0;3;0;0;0;0;0;0
10105;9;0;1;1;1;0;0;0;0;0;0
10106;14;0;2;0;3;0;0;0;0;0;0
10107;10;2;1;0;3;0;0;0;0;0;0
10108;14;0;3;0;0;0;1;0;0;0;0
10109;12;2;3;0;0;0;0;0;0;0;0
10110;7;1;0;1;2;0;0;0;0;0;0
10111;9;2;0;2;0;0;0;0;0;0;0
10112;10;2;1;2;1;0;0;0;0;0;1
10113;14;1;1;2;4;0;0;0;0;0;1
10114;14;1;4;1;0;0;0;0;0;0;1
10115;8;1;1;0;2;0;0;0;0;0;0
10116;11;0;1;1;3;0;0;0;0;0;0
10117;10;0;2;0;2;0;0;0;0;0;0
10118;4;0;0;1;0;0;0;0;0;0;0
10119;15;0;2;0;7;0;0;0;0;0;0
10120;12;1;2;2;0;0;1;0;0;0;0
10121;12;0;3;1;2;0;0;0;0;0;1
10122;15;1;0;2;3;0;0;0;0;0;1
10123;9;0;2;1;1;0;0;0;0;0;1
10124;11;0;2;0;3;0;0;0;0;0;0
10125;22;1;5;0;3;0;0;0;0;0;1
10126;9;0;1;1;1;0;1;0;0;0;1
10127;10;0;2;0;3;0;0;0;0;0;0
10128;15;3;3;0;1;1;0;1;0;0;0
10129;8;0;3;0;2;0;0;0;0;0;0
10130;8;0;2;1;1;0;0;0;0;0;0
10131;7;0;0;1;2;0;0;0;0;0;1
10132;16;0;2;1;3;0;0;0;0;0;1
10133;9;0;2;1;2;0;0;0;0;0;1
10134;5;0;0;1;1;0;0;0;0;0;0
10135;10;1;1;1;2;0;0;0;0;0;1
10136;7;0;2;0;3;0;0;0;0;0;0
10137;8;1;0;2;1;0;0;0;0;0;0
10138;9;0;2;1;2;0;0;0;0;0;1
10139;7;0;2;0;1;0;0;0;0;0;0
10140;7;1;1;0;2;0;0;0;0;0;0
10141;15;0;3;1;1;0;0;0;0;0;0
10142;7;0;2;1;0;0;0;0;0;0;0
10143;12;1;0;3;1;0;0;0;0;0;1
10144;10;1;1;0;3;0;0;0;0;0;0
10145;11;0;2;1;2;0;0;0;0;0;1
10146;13;2;2;2;0;0;0;0;0;0;1
10147;9;0;0;0;4;0;0;0;0;0;0
10148;12;3;2;2;0;0;0;0;0;0;0
10149;15;1;1;3;0;0;1;0;0;0;0
10150;6;1;0;0;2;0;0;0;0;0;0
10151;8;0;2;0;2;0;0;0;0;0;0
10152;15;0;4;0;1;0;1;0;0;0;0
10153;7;0;1;0;2;0;0;0;0;0;0
10154;10;1;2;0;2;0;0;0;0;0;0
10155;6;1;1;1;1;0;0;0;0;0;0
10156;9;1;0;0;2;0;0;0;0;0;0
10157;7;0;0;1;2;0;0;0;0;0;0
10158;13;2;0;0;3;0;0;1;0;0;0
10159;12;0;2;0;5;0;0;0;0;0;1
10160;14;1;3;0;4;0;0;0;0;0;1
10161;12;1;2;1;1;0;0;0;0;0;1
10162;12;0;1;0;3;0;0;0;0;0;1
10163;9;0;1;0;4;0;0;0;0;0;1
10164;13;0;3;2;2;0;0;0;0;0;0
10165;15;2;0;2;2;0;0;0;0;0;1
10166;9;0;2;0;3;0;0;0;0;0;0
10167;16;2;2;1;1;0;0;0;0;0;0
10168;9;0;0;1;4;0;0;0;0;0;0
10169;9;1;5;0;0;0;0;0;0;0;0
10170;12;1;0;2;2;0;0;0;0;0;1
10171;19;1;2;1;6;0;0;0;0;0;0
10172;10;2;0;2;1;0;0;0;0;0;0
10173;11;0;3;0;2;0;0;0;0;0;1
10174;9;0;0;1;3;0;0;0;0;0;0
10175;14;0;2;2;1;0;0;0;0;0;1
10176;6;1;0;1;1;0;0;0;0;0;1
10177;14;2;4;0;0;0;0;0;0;0;1
10178;10;0;0;1;2;0;0;0;0;0;0
10179;14;0;1;2;1;0;0;0;0;0;1
10180;7;2;2;1;0;0;0;0;0;0;0
10181;15;1;4;0;2;0;0;0;0;0;1
10182;11;0;2;0;4;0;0;0;0;0;0
10183;19;2;3;1;2;0;0;0;0;0;0
10184;8;0;0;1;3;0;0;0;0;0;1
10185;16;1;3;1;1;0;0;0;0;0;1
10186;10;2;2;1;1;0;0;0;0;0;1
10187;7;1;0;1;1;0;0;0;0;0;0
10188;9;0;1;1;2;0;0;0;0;0;1
10189;11;1;1;1;3;1;0;0;0;0;1
10190;5;0;0;1;1;0;0;0;0;0;0
10191;13;1;1;0;4;0;0;1;0;0;0
10192;12;0;2;0;3;0;0;0;0;0;1
10193;8;1;1;1;0;0;0;0;0;0;0
10194;7;1;1;0;2;0;0;0;0;0;0
10195;14;1;2;0;5;0;0;0;0;0;0
10196;12;1;0;2;1;0;0;1;0;0;0
10197;9;2;0;1;2;0;0;0;0;0;0
10198;13;0;0;2;1;1;0;0;0;0;1
10199;9;0;1;1;2;0;0;0;0;0;1
10200;14;0;3;0;1;0;0;0;0;0;1
10201;10;0;2;1;1;1;0;0;0;0;1
10202;11;1;0;2;2;0;1;0;0;0;0
10203;5;0;1;0;1;0;0;0;0;0;0
10204;8;0;1;0;6;0;0;0;0;0;0
10205;8;0;1;0;2;0;0;0;0;0;0
10206;14;2;0;3;1;0;0;0;0;0;0
10207;12;1;2;2;0;0;0;0;0;0;0
10208;19;2;4;0;0;1;0;0;0;0;0
10209;7;1;0;1;0;1;0;0;0;0;1
10210;15;0;2;1;2;0;0;0;0;0;0
10211;7;2;0;1;1;0;0;0;0;0;1
10212;11;0;2;1;2;0;0;0;0;0;1
10213;8;1;0;0;2;0;0;0;0;0;1
10214;9;1;0;2;1;0;0;0;0;0;0
10215;8;0;1;1;2;0;0;0;0;0;0
10216;6;0;1;0;2;0;0;0;0;0;0
10217;16;2;3;1;1;0;0;0;0;0;1
10218;16;2;1;4;1;0;0;0;0;0;0
10219;13;3;0;2;1;1;0;0;0;0;1
10220;11;1;0;3;2;0;0;0;0;0;1
10221;8;0;1;0;3;0;0;0;0;0;0
10222;10;1;3;0;1;0;0;0;0;0;0
10223;7;0;1;0;2;0;0;0;0;0;0
10224;13;1;1;0;2;0;0;0;0;0;1
10225;16;2;5;2;0;0;0;1;0;0;0
10226;10;2;0;2;1;0;0;0;0;0;0
10227;17;2;2;2;2;0;0;0;0;0;1
10228;11;1;1;1;4;1;0;0;0;0;0
10229;7;2;0;1;1;0;0;0;0;0;1
10230;8;1;0;1;0;1;0;0;0;0;0
10231;11;2;0;2;2;0;0;0;0;0;0
10232;6;0;0;0;3;0;0;0;0;0;0
10233;16;2;1;3;3;0;0;0;0;0;0
10234;13;0;2;1;1;0;0;0;0;0;1
10235;5;1;0;0;1;0;0;0;0;0;0
10236;8;1;1;1;1;0;0;0;0;0;1
10237;14;1;1;3;1;0;0;0;0;0;1
10238;10;1;1;0;3;0;0;0;0;0;0
10239;7;2;1;1;0;0;0;0;0;0;0
10240;14;2;1;1;4;0;0;0;0;0;1
10241;9;2;0;3;0;0;0;0;0;0;1
10242;12;1;2;0;4;0;0;0;0;0;0
10243;10;0;2;0;2;1;0;0;0;0;0
10244;12;0;0;2;2;0;0;0;0;0;1
10245;10;0;2;0;4;1;0;0;0;0;0
10246;9;1;1;0;3;0;0;0;0;0;0
10247;6;0;0;1;2;0;0;0;0;0;0
10248;12;1;1;1;3;0;0;0;0;0;1
10249;12;1;1;1;0;1;0;0;0;0;1
10250;14;0;2;1;2;0;1;0;0;0;1
10251;9;0;3;0;3;0;0;0;0;0;0
10252;15;0;3;2;0;0;1;0;0;0;0
10253;10;2;1;0;2;0;0;0;0;0;1
10254;9;1;1;1;1;0;0;0;0;0;1
10255;8;0;2;0;1;0;0;0;0;0;0
10256;18;1;6;0;3;0;0;0;0;0;1
10257;8;0;0;1;3;0;0;0;0;0;1
10258;10;0;2;0;2;0;0;0;0;0;1
10259;15;1;3;0;3;0;0;0;0;0;0
10260;7;0;2;0;2;0;0;0;0;0;0
10261;9;3;1;1;0;0;0;0;0;0;0
10262;8;0;1;0;3;0;0;0;0;0;0
10263;17;1;5;0;3;0;0;0;0;0;0
10264;10;1;1;1;2;0;0;0;0;0;1
10265;10;0;2;0;3;0;0;0;0;0;0
10266;4;0;1;0;1;0;0;0;0;0;0
10267;7;0;3;0;0;0;0;0;0;0;0
10268;5;0;0;1;1;0;0;0;0;0;0
10269;8;1;3;0;0;0;0;0;0;0;0
10270;9;1;2;0;0;0;0;0;0;0;1
10271;8;1;1;0;2;0;0;0;0;0;0
10272;16;2;4;0;3;0;0;0;0;0;1
10273;7;1;0;1;2;0;0;0;0;0;1
10274;10;1;0;2;2;0;0;0;0;0;0
10275;6;0;1;0;1;0;0;0;0;0;0
10276;5;0;2;0;1;0;0;0;0;0;0
10277;10;1;0;2;1;0;0;0;0;0;0
10278;12;0;0;0;6;0;0;0;0;0;0
10279;13;2;2;2;0;0;0;0;0;0;1
10280;11;2;1;1;2;0;0;0;0;0;1
10281;16;0;4;1;2;0;0;0;0;0;1
10282;6;2;5;0;0;0;0;0;0;0;0
10283;7;0;0;1;1;0;0;0;0;0;1
10284;8;0;0;1;2;0;0;0;0;0;0
10285;10;1;0;3;1;0;1;1;0;0;1
10286;9;0;0;2;2;0;0;0;0;0;1
10287;7;0;1;0;2;0;0;0;0;0;0
10288;14;2;2;1;1;0;0;0;0;0;1
10289;11;0;1;0;6;0;0;0;0;0;0
10290;9;2;0;1;2;0;0;0;0;0;0
10291;14;0;5;0;3;0;0;0;0;0;0
10292;21;1;2;1;3;1;1;0;0;0;0
10293;8;0;2;0;1;0;0;0;0;0;0
10294;9;2;2;1;0;0;0;0;0;0;1
10295;7;1;0;2;0;0;0;0;0;0;0
10296;9;0;1;1;2;0;0;0;0;0;1
10297;8;1;0;1;2;0;0;0;0;0;0
10298;7;0;1;1;2;0;0;0;0;0;0
10299;15;0;3;0;2;0;0;0;0;0;0
10300;2;1;0;0;0;0;0;0;0;0;0
10301;9;1;1;1;2;0;0;0;0;0;0
10302;13;0;1;2;4;0;0;0;0;0;0
10303;14;1;5;1;1;0;0;0;0;0;0
10304;12;0;4;0;3;0;0;0;0;0;0
10305;9;0;1;0;3;0;0;0;0;0;0
10306;8;0;0;0;2;0;0;1;0;0;0
10307;8;0;1;0;2;0;0;1;0;0;0
10308;14;1;2;1;4;0;0;0;0;0;1
10309;14;1;0;2;2;0;0;0;0;0;1
10310;20;1;3;2;2;0;0;0;0;0;1
10311;7;1;0;1;2;0;0;0;0;0;0
10312;16;0;2;1;3;0;0;0;0;0;1
10313;13;1;1;0;4;0;0;1;0;0;0
10314;7;0;1;0;3;0;0;0;0;0;0
10315;11;1;0;2;3;0;0;0;0;0;1
10316;9;1;1;1;0;0;0;0;0;0;1
10317;8;1;2;0;2;0;0;0;0;0;0
10318;8;0;2;0;1;0;0;0;0;0;1
10319;12;1;2;1;1;0;0;0;0;0;1
10320;11;0;1;0;4;0;0;0;0;0;0
10321;13;1;2;1;2;0;0;0;0;0;0
10322;14;1;1;2;1;0;0;0;0;0;0
10323;8;1;2;0;1;0;0;0;0;0;0
10324;17;1;6;0;1;1;0;0;0;0;0
10325;9;0;2;1;2;1;0;0;0;0;0
10326;10;1;3;0;2;0;0;0;0;0;0
10327;14;2;3;0;3;0;0;1;0;0;0
10328;13;1;0;2;3;0;0;0;0;0;0
10329;9;0;1;0;3;0;0;0;0;0;0
10330;7;1;1;0;2;0;0;0;0;0;0
10331;11;1;2;1;1;0;0;0;0;0;0
10332;11;0;4;0;0;0;0;0;0;0;0
10333;6;0;0;0;2;0;0;1;0;0;0
10334;9;1;1;1;1;0;0;0;0;0;1
10335;6;2;0;2;0;0;0;0;0;0;1
10336;10;0;3;0;2;0;0;0;0;0;0
10337;17;0;2;1;3;0;0;1;0;0;1
10338;14;1;3;0;2;0;0;1;0;0;0
10339;5;0;2;0;0;0;0;0;0;0;0
10340;17;5;0;3;2;0;0;0;0;0;0
10341;13;1;0;2;3;0;0;1;0;0;0
10342;7;0;2;0;2;0;0;0;0;0;0
10343;8;3;0;1;0;0;0;0;0;0;0
10344;7;0;0;0;4;0;0;0;0;0;0
10345;8;0;1;0;2;1;0;0;0;0;0
10346;10;1;1;1;1;0;0;0;0;0;0
10347;7;0;0;1;2;0;0;0;0;0;1
10348;12;2;2;2;0;0;0;0;0;0;1
10349;7;1;0;1;1;0;0;0;0;0;1
10350;6;0;1;0;2;0;0;0;0;0;0
10351;7;0;0;1;2;0;0;0;0;0;1
10352;9;1;1;1;0;0;0;1;0;0;0
10353;13;3;1;1;2;0;0;0;0;0;0
10354;8;1;0;0;5;0;0;0;0;0;0
10355;11;0;0;2;1;0;1;0;0;0;0
10356;15;0;2;0;4;0;0;1;0;0;0
10357;14;1;2;1;2;0;0;0;0;0;1
10358;8;0;0;1;2;0;0;0;0;0;1
10359;7;1;1;1;1;0;0;0;0;0;1
10360;5;1;0;0;2;0;0;0;0;0;0
10361;7;2;1;1;0;0;0;0;0;0;1
10362;7;0;1;0;1;0;1;0;0;0;0
10363;11;0;1;0;4;0;0;0;0;0;0
10364;19;1;3;1;3;0;1;0;0;0;0
10365;10;0;0;1;1;0;0;0;0;0;1
10366;12;1;2;2;1;0;0;0;0;0;1
10367;14;1;3;1;3;0;0;0;0;0;1
10368;20;1;4;1;5;0;0;0;0;0;0
10369;8;1;0;1;2;0;0;0;0;0;1
10370;7;0;2;0;2;0;0;0;0;0;0
10371;5;0;0;0;3;0;0;0;0;0;0
10372;12;0;4;0;1;0;0;0;0;0;1
10373;11;1;0;2;1;0;0;0;0;0;0
10374;11;2;2;0;2;0;0;0;0;0;0
10375;8;0;0;1;2;0;0;0;0;0;0
10376;10;0;1;1;3;0;0;0;0;0;0
10377;13;0;3;0;3;0;0;0;0;0;1
10378;14;1;2;2;1;0;0;0;0;0;0
10379;12;0;1;1;4;0;0;0;0;0;1
10380;7;2;0;1;0;0;0;0;0;0;0
10381;12;1;0;2;1;0;0;0;0;0;0
10382;9;1;1;0;3;0;0;0;0;0;0
10383;14;0;1;2;3;0;0;0;0;0;0
10384;10;0;2;1;1;0;1;0;0;0;1
10385;8;0;0;2;1;0;0;0;0;0;1
10386;7;0;1;0;2;0;0;0;0;0;0
10387;8;1;0;1;2;0;0;0;0;0;1
10388;16;1;4;0;2;0;0;0;0;0;0
10389;9;0;3;0;2;0;0;0;0;0;0
10390;12;0;3;0;1;0;0;0;0;0;1
10391;8;0;4;0;0;0;0;0;0;0;0
10392;10;0;0;2;1;0;0;0;0;0;0
10393;8;1;0;2;0;0;0;0;0;0;1
10394;9;2;1;2;1;0;0;0;0;0;1
10395;9;1;0;1;2;0;0;0;0;0;1
10396;15;2;2;0;5;0;0;1;0;0;0
10397;9;1;0;3;1;0;0;0;0;0;1
10398;11;0;4;0;2;0;0;0;0;0;1
10399;14;1;4;0;4;0;0;1;0;0;0
10400;8;1;0;2;1;0;0;0;0;0;0
10401;15;1;3;1;4;0;0;0;0;0;0
10402;7;0;1;0;2;0;0;0;0;0;0
10403;8;0;1;0;4;0;0;0;0;0;0
10404;8;0;2;0;3;0;0;0;0;0;0
10405;8;0;2;0;2;0;0;0;0;0;1
10406;10;2;0;2;0;0;0;0;0;0;1
10407;15;3;1;1;3;0;0;0;0;0;0
10408;8;0;0;0;5;0;0;0;0;0;0
10409;12;2;2;1;0;0;0;0;0;0;0
10410;7;0;2;0;1;0;0;0;0;0;0
10411;12;0;2;1;2;0;0;0;0;0;1
10412;12;0;2;1;2;0;0;0;0;0;1
10413;16;2;5;1;1;0;0;0;0;0;1
10414;9;1;0;2;2;0;0;0;0;0;0
10415;10;0;2;1;1;0;0;0;0;0;0
10416;13;1;1;0;5;0;0;0;0;0;0
10417;10;1;2;0;2;0;0;0;0;0;1
10418;9;1;1;0;0;1;0;0;0;0;0
10419;8;0;0;2;2;0;0;0;0;0;0
10420;15;2;1;1;3;0;0;1;0;0;0
10421;10;0;1;1;1;0;0;0;0;0;0
10422;11;2;0;2;2;0;0;0;0;0;0
10423;13;2;1;2;1;0;0;0;0;0;0
10424;5;0;0;2;0;0;0;0;0;0;0
10425;10;0;1;0;4;0;0;0;0;0;0
10426;14;0;8;0;0;0;0;1;0;0;0
10427;10;1;1;3;1;0;0;0;0;0;0
10428;8;0;0;1;2;0;0;0;0;0;0
10429;9;0;1;0;4;0;0;0;0;0;0
10430;9;0;1;0;2;0;0;0;0;0;0
10431;8;1;3;0;0;0;0;0;0;0;0
10432;13;2;0;2;1;0;0;0;0;0;0
10433;8;1;2;0;1;0;0;0;0;0;0
10434;15;0;2;1;2;0;0;0;0;0;1
10435;12;0;2;0;4;0;0;0;0;0;0
10436;10;1;3;0;1;0;0;0;0;0;0
10437;9;0;1;0;3;0;0;1;0;0;0
10438;11;0;2;1;2;0;0;0;0;0;0
10439;11;0;0;1;3;0;0;0;0;0;1
10440;15;0;5;1;0;0;0;0;0;0;0
10441;7;0;1;0;2;0;0;0;0;0;0
10442;14;2;1;1;2;0;0;0;0;0;1
10443;16;1;5;0;3;0;0;0;0;0;1
10444;11;0;3;0;1;0;0;0;0;0;0
10445;6;0;2;0;1;0;0;0;0;0;0
10446;10;0;0;2;2;0;0;0;0;0;0
10447;10;1;0;2;1;0;0;0;0;0;0
10448;14;1;2;0;3;0;0;1;0;0;0
10449;21;0;5;0;6;0;0;1;0;0;0
10450;14;2;3;1;2;0;0;0;0;0;1
10451;6;0;1;0;1;0;0;0;0;0;0
10452;11;0;2;1;3;0;0;0;0;0;1
10453;14;1;0;3;1;0;0;1;0;0;1
10454;9;1;1;1;1;0;0;0;0;0;0
10455;10;1;0;2;1;0;0;0;0;0;1
10456;12;0;2;0;4;0;0;0;0;0;0
10457;15;1;3;0;3;0;0;0;0;0;1
10458;8;1;1;0;2;0;0;0;0;0;0
10459;12;1;1;1;2;0;0;0;0;0;0
10460;18;2;3;3;0;0;0;0;0;0;0
10461;13;0;1;1;2;0;0;0;0;0;0
10462;7;0;0;1;2;0;0;0;0;0;0
10463;7;0;3;1;0;0;0;0;0;0;0
10464;17;0;3;0;4;0;0;0;0;0;0
10465;8;0;4;0;0;0;0;0;0;0;0
10466;17;0;1;2;2;0;0;0;0;0;0
10467;8;0;1;0;2;0;0;0;0;0;0
10468;6;0;1;0;2;0;0;0;0;0;0
10469;10;1;0;1;3;0;0;0;0;0;0
10470;10;0;2;0;2;0;0;0;0;0;0
10471;18;1;2;0;2;0;2;1;0;0;0
10472;11;1;1;2;1;0;0;0;0;0;0
10473;12;0;3;0;3;0;0;0;0;0;0
10474;8;0;2;0;3;0;0;0;0;0;0
10475;8;3;1;2;0;0;0;0;0;0;0
10476;4;0;0;1;0;0;0;0;0;0;0
10477;14;2;3;0;0;0;0;0;0;0;1
10478;7;0;3;0;2;0;0;0;0;0;0
10479;9;0;0;0;5;0;0;1;0;0;0
10480;8;0;1;0;3;0;0;0;0;0;0
10481;6;1;0;1;1;0;0;0;0;0;1
10482;8;0;1;0;4;0;0;0;0;0;0
10483;18;3;4;1;0;0;0;0;0;0;0
10484;8;1;3;1;0;0;0;0;0;0;0
10485;7;0;2;0;1;0;0;0;0;0;0
10486;9;1;2;1;1;0;0;0;0;0;0
10487;13;1;1;1;1;0;0;0;0;0;0
10488;12;2;3;0;1;0;0;0;0;0;1
10489;13;0;5;0;2;0;0;0;0;0;1
10490;13;1;1;1;4;0;0;0;0;0;1
10491;13;0;2;1;1;0;1;0;0;0;1
10492;9;0;0;1;2;0;0;0;0;0;1
10493;6;1;0;1;1;0;0;0;0;0;1
10494;19;1;2;0;5;0;0;1;0;0;0
10495;16;0;3;0;5;0;0;0;0;0;1
10496;13;2;0;2;3;0;0;0;0;0;1
10497;12;1;0;2;2;0;0;1;0;0;1
10498;9;1;1;0;4;0;0;0;0;0;0
10499;9;0;3;0;0;0;0;0;0;0;0
10500;10;0;0;3;1;0;0;0;0;0;0
10501;13;0;2;1;3;0;0;0;0;0;1
10502;8;0;3;0;1;0;0;0;0;0;0
10503;9;0;2;0;2;0;0;0;0;0;0
10504;9;0;4;0;1;0;0;0;0;0;0
10505;16;1;0;3;2;0;1;0;0;0;0
10506;10;0;3;2;0;0;0;0;0;0;1
10507;6;0;1;0;2;0;0;0;0;0;0
10508;6;0;1;0;1;0;0;0;0;0;0
10509;9;1;0;1;1;1;0;0;0;0;0
10510;8;1;0;1;2;0;0;0;0;0;0
10511;10;1;1;0;3;0;0;0;0;0;0
10512;11;2;0;2;1;0;0;0;0;0;0
10513;7;0;1;0;1;1;0;0;0;0;0
10514;13;1;1;0;5;0;0;0;0;0;0
10515;9;1;2;0;2;0;0;0;0;0;0
10516;16;1;5;1;2;0;0;1;0;0;0
10517;12;1;3;1;0;0;0;0;0;0;1
10518;9;1;2;0;2;0;0;0;0;0;0
10519;5;0;0;0;2;0;0;0;0;0;0
10520;7;0;1;0;3;0;0;0;0;0;0
10521;13;0;3;1;0;0;0;0;0;0;1
10522;11;0;2;1;1;0;1;0;0;0;1
10523;6;0;0;1;1;0;0;0;0;0;0
10524;8;1;0;1;2;0;0;0;0;0;1
10525;10;1;1;1;2;0;0;0;0;0;1
10526;11;0;3;1;0;0;0;0;0;0;0
10527;10;1;3;0;1;0;0;0;0;0;0
10528;15;2;4;1;0;0;1;0;0;0;1
10529;11;0;1;0;2;0;0;0;0;0;1
10530;6;0;1;0;0;0;0;0;0;0;0
10531;7;0;0;1;3;0;0;0;0;0;0
10532;13;0;3;0;3;0;0;0;0;0;0
10533;8;2;0;2;0;0;0;0;0;0;0
10534;15;1;2;2;1;0;1;0;0;0;0
10535;16;0;3;0;3;0;0;1;0;0;0
10536;15;1;1;2;1;0;0;1;0;0;1
10537;12;0;3;0;1;0;0;0;0;0;0
10538;8;1;2;0;2;0;0;0;0;0;0
10539;7;0;1;0;2;0;0;0;0;0;0
10540;8;0;1;0;4;0;0;0;0;0;0
10541;13;0;2;2;1;0;0;1;0;0;0
10542;13;0;5;0;3;0;0;0;0;0;0
10543;11;1;0;1;4;0;0;0;0;0;0
10544;10;0;1;2;2;0;0;0;0;0;0
10545;10;0;1;0;3;0;0;0;0;0;0
10546;11;0;3;0;3;1;0;0;0;0;1
10547;12;0;2;1;3;0;1;0;0;0;1
10548;6;0;0;1;2;0;0;0;0;0;0
10549;14;2;4;0;1;0;0;0;0;0;0
10550;15;1;4;1;2;0;0;0;0;0;0
10551;13;0;2;0;5;0;0;0;0;0;1
10552;7;0;1;0;2;0;0;0;0;0;0
10553;9;0;2;1;2;0;0;0;0;0;1
10554;15;2;1;2;1;0;0;0;0;0;0
10555;8;1;0;1;2;0;0;0;0;0;0
10556;12;1;3;0;3;0;0;0;0;0;1
10557;11;1;3;0;1;0;0;0;0;0;0
10558;13;2;0;2;3;0;0;0;0;0;0
10559;13;0;3;0;3;0;0;0;0;0;1
10560;10;1;1;2;2;0;0;0;0;0;1
10561;9;0;2;0;2;0;0;0;0;0;0
10562;13;0;5;0;0;0;0;0;0;0;0
10563;20;2;6;0;2;0;0;0;0;0;0
10564;10;1;3;1;0;0;0;0;0;0;0
10565;6;0;0;0;3;0;0;0;0;0;0
10566;6;0;2;0;1;0;0;0;0;0;0
10567;8;0;1;0;4;0;0;0;0;0;0
10568;13;1;1;2;1;0;0;0;0;0;0
10569;11;0;0;2;2;0;0;0;0;0;1
10570;14;0;0;1;2;0;0;1;0;0;0
10571;10;0;1;1;3;0;0;0;0;0;1
10572;15;0;2;2;2;0;0;0;0;0;0
10573;8;0;4;0;0;0;0;0;0;0;0
10574;11;2;0;1;2;2;0;0;0;0;0
10575;6;0;0;0;4;0;0;0;0;0;0
10576;7;0;0;1;2;0;0;0;0;0;0
10577;10;2;0;2;0;0;0;0;0;0;0
10578;12;1;1;4;0;0;0;0;0;0;0
10579;7;0;0;1;1;0;0;0;0;0;1
10580;4;0;2;0;0;0;0;0;0;0;0
10581;9;0;0;1;3;1;0;0;0;0;1
10582;9;0;1;1;1;0;0;0;0;0;1
10583;9;2;2;1;0;0;0;0;0;0;1
10584;6;1;1;1;1;0;0;0;0;0;1
10585;10;2;4;0;0;0;0;0;0;0;0
10586;10;0;2;1;1;0;0;0;0;0;1
10587;11;1;2;0;1;0;0;1;0;0;1
10588;8;1;1;0;2;0;0;0;0;0;0
10589;9;0;2;1;2;0;0;0;0;0;0
10590;11;0;2;2;1;0;0;0;0;0;0
10591;11;0;2;1;0;0;0;0;0;0;1
10592;11;0;3;0;3;0;0;0;0;0;0
10593;6;0;0;1;1;0;0;0;0;0;0
10594;9;0;1;0;4;1;0;0;0;0;0
10595;10;0;1;0;5;0;0;0;0;0;0
10596;13;2;2;0;1;0;1;0;0;0;0
10597;13;0;2;1;2;0;0;0;0;0;1
10598;10;0;2;0;2;0;0;0;0;0;1
10599;9;0;2;0;2;0;0;0;0;0;0
10600;13;0;1;1;4;0;0;1;0;0;0
10601;13;2;0;2;3;0;0;0;0;0;0
10602;8;2;0;2;0;0;0;0;0;0;1
10603;10;0;2;1;1;0;0;0;0;0;1
10604;9;0;2;1;1;0;0;0;0;0;0
10605;10;0;0;2;2;0;0;0;0;0;1
10606;5;1;1;0;1;0;0;0;0;0;0
10607;7;1;1;1;0;0;0;0;0;0;0
10608;13;0;5;0;1;0;0;0;0;0;0
10609;14;2;2;1;2;0;0;0;0;0;0
10610;5;1;0;0;1;1;0;0;0;0;0
10611;14;1;2;1;2;0;0;0;0;0;1
10612;10;0;2;0;4;0;0;0;0;0;0
10613;9;1;1;0;1;0;0;0;0;0;0
10614;8;0;0;1;2;1;0;0;0;0;0
10615;11;1;2;1;0;0;0;0;0;0;0
10616;7;0;2;0;2;0;0;0;0;0;0
10617;13;1;3;0;4;0;0;0;0;0;0
10618;7;0;1;1;0;0;1;0;0;0;1
10619;7;1;1;0;2;0;0;0;0;0;0
10620;13;0;1;2;3;0;0;0;0;0;1
10621;11;0;1;1;2;0;0;0;0;0;0
10622;11;0;1;2;1;0;0;0;0;0;1
10623;6;0;2;0;1;0;0;0;0;0;0
10624;11;0;0;2;1;0;0;0;0;0;0
10625;15;0;3;0;3;0;0;0;0;0;0
10626;7;0;1;2;0;0;0;0;0;0;1
10627;17;2;6;0;2;0;0;0;0;0;0
10628;7;0;1;0;1;0;0;0;0;0;0
10629;9;0;2;0;3;0;0;0;0;0;0
10630;16;0;1;1;2;0;0;0;0;0;1
10631;13;0;1;1;3;0;0;0;0;0;1
10632;15;1;2;2;2;0;0;0;0;0;1
10633;9;1;2;1;2;0;0;0;0;0;1
10634;13;0;1;2;3;0;0;0;0;0;1
10635;9;2;0;2;1;0;0;0;0;0;0
10636;8;0;0;1;4;0;0;0;0;0;0
10637;15;0;2;1;4;0;0;0;0;0;0
10638;11;0;3;0;2;0;0;0;0;0;0
10639;16;0;5;0;1;0;1;0;0;0;0
10640;15;1;2;0;4;0;0;0;0;0;1
10641;9;0;0;1;2;0;0;0;0;0;0
10642;7;0;0;0;3;0;0;1;0;0;0
10643;10;0;1;2;1;0;0;0;0;0;1
10644;14;0;2;0;4;0;0;0;0;0;0
10645;6;0;0;1;2;0;0;0;0;0;0
10646;7;0;1;1;0;0;0;0;0;0;0
10647;7;1;2;0;1;0;0;0;0;0;0
10648;14;1;2;1;1;1;0;0;0;0;1
10649;7;0;4;0;1;0;0;0;0;0;1
10650;5;0;3;0;0;0;0;0;0;0;1
10651;10;0;2;0;2;0;0;0;0;0;0
10652;10;1;2;2;1;0;0;0;0;0;1
10653;10;1;5;0;0;0;0;0;0;0;0
10654;12;0;2;2;1;0;0;0;0;0;0
10655;7;1;1;0;2;0;0;0;0;0;0
10656;10;1;3;0;1;0;0;0;0;0;0
10657;12;1;1;0;4;1;0;0;0;0;0
10658;14;0;0;2;2;0;1;0;0;0;0
10659;6;1;1;1;0;0;0;0;0;0;1
10660;9;0;0;1;2;0;0;0;0;0;0
10661;8;1;0;1;2;0;0;0;0;0;0
10662;15;0;3;0;2;0;0;0;0;0;0
10663;11;0;1;0;5;0;0;0;0;0;0
10664;16;3;2;2;2;0;0;1;0;0;1
10665;8;0;0;0;4;0;0;0;0;0;0
10666;8;0;1;0;4;0;0;0;0;0;0
10667;7;1;0;1;1;0;0;0;0;0;1
10668;8;0;1;1;1;0;0;0;0;0;1
10669;6;0;2;0;1;0;0;0;0;0;1
10670;9;0;0;2;2;0;0;0;0;0;1
10671;7;1;0;1;2;0;0;0;0;0;0
10672;8;1;0;2;2;0;0;0;0;0;1
10673;13;2;0;2;3;0;0;0;0;0;0
10674;8;0;1;0;3;0;0;0;0;0;0
10675;11;1;3;1;0;0;0;0;0;0;0
10676;8;0;1;0;3;0;0;0;0;0;0
10677;7;0;0;2;0;0;0;0;0;0;0
10678;8;0;2;0;3;0;0;0;0;0;0
10679;11;0;3;0;1;0;0;0;0;0;1
10680;11;1;3;1;2;0;0;0;0;0;0
10681;7;0;0;2;1;0;0;0;0;0;1
10682;11;1;1;0;4;0;0;0;0;0;0
10683;10;1;0;2;2;0;0;0;0;0;0
10684;10;0;1;1;2;0;0;0;0;0;0
10685;16;1;4;1;0;0;0;0;0;0;0
10686;7;0;1;0;2;0;0;0;0;0;0
10687;10;0;1;1;3;0;0;0;0;0;1
10688;14;0;3;0;3;0;0;1;0;0;1
10689;14;1;1;3;1;1;0;0;0;0;1
10690;13;0;4;1;1;0;0;0;0;0;0
10691;8;1;1;0;2;0;0;0;0;0;0
10692;17;2;3;1;1;1;0;1;0;0;0
10693;10;0;0;3;1;0;0;0;0;0;0
10694;19;1;5;1;0;0;1;0;0;0;0
10695;7;0;2;0;2;0;0;0;0;0;0
10696;11;0;2;1;2;0;0;0;0;0;1
10697;9;0;0;1;1;1;0;0;0;0;1
10698;10;0;1;1;1;0;0;0;0;0;1
10699;8;0;1;0;4;0;0;0;0;0;0
10700;8;0;1;0;2;0;0;0;0;0;0
10701;9;0;1;0;3;0;0;0;0;0;0
10702;11;2;0;2;2;0;0;0;0;0;0
10703;4;0;0;1;0;0;0;0;0;0;0
10704;13;1;2;1;1;0;0;0;0;0;0
10705;8;1;0;2;1;0;0;0;0;0;1
10706;8;1;1;2;0;0;0;0;0;0;0
10707;19;1;4;0;4;1;0;0;0;0;1
10708;14;1;1;1;2;0;0;0;0;0;1
10709;9;0;1;1;3;0;0;0;0;0;1
10710;9;1;1;0;4;0;0;0;0;0;0
10711;10;0;2;0;1;0;0;0;0;0;1
10712;16;0;3;2;2;0;1;0;0;0;1
10713;16;0;1;1;3;0;0;1;0;0;0
10714;9;0;2;0;3;0;0;0;0;0;0
10715;12;1;0;2;1;0;0;0;0;0;0
10716;9;0;1;0;5;0;0;0;0;0;0
10717;16;1;4;1;0;0;0;0;0;0;1
10718;7;1;0;1;2;0;0;0;0;0;0
10719;11;2;0;2;2;0;1;0;0;0;0
10720;14;0;5;0;0;0;0;0;0;0;1
10721;6;0;1;0;1;0;0;0;0;0;0
10722;10;1;1;1;2;0;0;0;0;0;0
10723;10;0;3;0;2;0;0;0;0;0;0
10724;21;2;1;3;3;0;0;0;0;0;1
10725;9;1;2;0;2;0;0;0;0;0;1
10726;8;0;0;0;3;0;0;0;0;0;0
10727;7;0;1;1;1;0;0;0;0;0;0
10728;13;0;2;1;1;0;1;0;0;0;1
10729;15;0;5;0;4;0;0;1;0;0;0
10730;11;1;2;0;3;0;0;0;0;0;1
10731;13;0;2;2;0;0;0;0;0;0;0
10732;11;1;3;0;1;0;0;0;0;0;0
10733;15;1;2;0;5;0;0;0;0;0;0
10734;8;1;1;0;1;0;0;0;0;0;0
10735;5;0;1;0;1;0;0;0;0;0;0
10736;8;0;0;2;1;0;0;0;0;0;1
10737;15;2;3;1;0;0;0;1;0;0;1
10738;8;1;0;2;1;0;0;1;0;0;1
10739;8;0;2;0;3;0;0;0;0;0;1
10740;18;0;5;0;6;0;0;1;0;0;0
10741;7;0;0;1;3;0;0;0;0;0;0
10742;13;1;5;0;2;0;0;0;0;0;0
10743;11;0;0;3;1;0;0;0;0;0;1
10744;14;1;3;0;4;0;0;1;0;0;0
10745;9;1;1;1;2;0;0;0;0;0;0
10746;10;0;0;1;2;0;0;0;0;0;1
10747;7;0;2;0;1;0;0;0;0;0;0
10748;7;0;1;0;1;1;0;0;0;0;0
10749;6;0;1;0;2;0;0;0;0;0;0
10750;10;2;2;1;1;0;0;0;0;0;1
10751;7;0;2;0;1;1;0;0;0;0;0
10752;9;1;0;1;2;0;0;0;0;0;1
10753;8;1;1;1;2;0;0;0;0;0;1
10754;7;0;1;0;3;0;0;0;0;0;0
10755;17;2;2;1;5;0;0;0;0;0;0
10756;7;0;2;1;1;0;0;0;0;0;1
10757;11;2;0;2;1;0;0;0;0;0;0
10758;14;1;3;2;0;0;0;0;0;0;1
10759;9;0;1;0;4;0;0;0;0;0;0
10760;17;1;4;0;2;0;0;0;0;0;0
10761;15;0;4;0;2;0;0;0;0;0;0
10762;7;0;0;1;3;0;0;0;0;0;0
10763;8;0;3;0;1;0;0;0;0;0;1
10764;10;0;1;1;4;0;0;0;0;0;1
10765;15;0;2;1;3;1;0;0;0;0;1
10766;19;1;2;0;4;1;0;1;0;0;0
10767;12;0;2;1;3;1;0;0;0;0;1
10768;11;0;2;0;4;0;0;0;0;0;0
10769;5;0;1;0;1;0;0;0;0;0;0
10770;11;1;0;2;1;0;0;0;0;0;1
10771;13;0;1;2;2;0;1;0;0;0;1
10772;14;2;2;2;0;0;0;0;0;0;0
10773;6;0;0;0;2;1;0;0;0;0;0
10774;9;1;3;2;0;0;0;0;0;0;0
10775;8;0;2;0;2;0;0;0;0;0;1
10776;15;1;3;1;0;0;0;0;0;0;1
10777;17;2;2;2;1;0;0;0;0;0;0
10778;11;0;1;1;2;0;1;0;0;0;1
10779;13;1;0;2;2;0;0;0;0;0;0
10780;12;0;2;0;4;2;0;0;0;0;0
10781;10;1;2;1;3;0;0;0;0;0;1
10782;14;0;3;0;4;1;0;1;0;0;0
10783;6;0;2;0;1;0;0;0;0;0;0
10784;9;0;1;0;5;0;0;0;0;0;0
10785;14;1;2;1;4;0;0;0;0;0;1
10786;6;0;2;0;1;0;0;0;0;0;0
10787;9;1;2;0;2;0;0;0;0;0;0
10788;12;2;2;2;1;0;0;0;0;0;0
10789;9;1;0;2;1;0;0;0;0;0;0
10790;14;2;1;1;2;0;0;0;0;0;0
10791;11;2;1;0;4;0;0;0;0;0;0
10792;8;1;1;0;2;0;0;0;0;0;0
10793;6;0;0;0;2;0;0;0;0;0;0
10794;15;0;2;2;1;0;0;0;0;0;1
10795;7;0;0;2;0;0;0;0;0;0;0
10796;6;1;1;1;0;0;0;0;0;0;1
10797;11;0;2;0;3;1;0;0;0;0;1
10798;13;0;6;0;1;1;0;0;0;0;1
10799;7;1;0;1;1;0;0;0;0;0;1
10800;16;3;2;1;0;1;0;0;0;0;0
10801;7;1;1;0;2;0;0;0;0;0;0
10802;8;0;1;0;3;0;0;0;0;0;0
10803;10;0;0;2;1;0;0;0;0;0;0
10804;6;0;2;0;2;0;0;0;0;0;1
10805;9;0;1;0;4;0;0;0;0;0;0
10806;7;0;1;0;4;0;0;0;0;0;0
10807;14;2;1;2;0;0;0;0;0;0;0
10808;13;1;2;1;1;0;0;0;0;0;0
10809;8;0;1;1;1;0;0;0;0;0;1
10810;7;0;1;0;3;0;0;0;0;0;0
10811;11;0;1;1;2;1;0;0;0;0;1
10812;10;0;0;1;3;0;0;0;0;0;0
10813;12;2;2;0;3;0;0;0;0;0;0
10814;9;1;0;1;3;0;0;0;0;0;1
10815;12;0;5;0;2;0;0;0;0;0;1
10816;7;0;0;1;2;0;0;0;0;0;0
10817;8;0;2;0;2;0;0;0;0;0;0
10818;13;1;2;0;2;0;0;0;0;0;0
10819;7;0;2;0;1;0;0;0;0;0;0
10820;13;1;0;2;2;2;0;0;0;0;0
10821;5;1;0;0;1;0;0;0;0;0;0
10822;9;1;1;1;2;0;0;0;0;0;1
10823;9;1;1;1;1;0;0;0;0;0;1
10824;8;0;1;0;4;0;0;0;0;0;0
10825;14;0;3;0;4;0;0;1;0;0;0
10826;13;1;0;3;1;0;0;1;0;0;1
10827;5;0;0;0;2;0;0;0;0;0;0
10828;16;1;1;1;4;0;0;1;0;0;0
10829;8;1;2;0;1;0;0;0;0;0;0
10830;8;0;1;0;2;0;0;0;0;0;0
10831;15;0;3;0;2;0;0;0;0;0;1
10832;12;1;4;0;2;0;0;0;0;0;0
10833;8;1;2;0;1;0;0;0;0;0;0
10834;9;0;1;2;0;0;1;0;0;0;1
10835;15;0;2;0;4;1;0;1;0;0;0
10836;8;1;1;1;0;0;0;0;0;0;1
10837;14;0;1;2;1;0;0;0;0;0;1
10838;12;2;1;1;1;0;0;0;0;0;1
10839;16;1;3;1;2;0;1;1;0;0;0
10840;7;0;2;0;2;0;0;0;0;0;0
10841;7;0;1;0;2;0;0;0;0;0;0
10842;8;0;0;0;4;0;0;0;0;0;0
10843;8;0;1;0;2;0;0;0;0;0;0
10844;16;0;2;0;5;0;0;0;0;0;1
10845;8;0;2;1;2;0;0;0;0;0;0
10846;15;1;4;1;0;0;0;0;0;0;1
10847;14;0;1;1;2;0;0;0;0;0;0
10848;9;0;2;1;1;0;0;0;0;0;0
10849;7;0;2;0;2;0;0;0;0;0;1
10850;16;0;5;0;2;0;0;0;0;0;1
10851;24;1;7;0;4;0;0;0;0;0;1
10852;6;0;1;0;4;0;0;0;0;0;0
10853;15;0;1;0;6;0;0;0;0;0;0
10854;11;1;0;2;1;0;0;0;0;0;0
10855;10;0;3;0;2;0;0;0;0;0;0
10856;9;2;1;0;1;0;0;0;0;0;0
10857;14;0;3;1;1;0;0;0;0;0;1
10858;15;0;2;1;3;0;0;0;0;0;1
10859;19;0;6;0;4;0;0;1;0;0;0
10860;8;1;1;0;2;0;0;0;0;0;0
10861;16;3;2;2;1;0;0;1;0;0;1
10862;16;1;1;2;2;0;0;0;0;0;1
10863;9;0;2;0;4;0;0;0;0;0;0
10864;15;2;2;1;1;0;0;0;0;0;1
10865;12;1;3;0;4;0;0;0;0;0;0
10866;8;1;0;1;1;0;0;0;0;0;0
10867;8;1;3;0;1;0;0;0;0;0;0
10868;13;0;5;0;2;0;1;0;0;0;1
10869;9;0;0;0;6;0;0;0;0;0;0
10870;8;0;1;0;3;0;0;0;0;0;0
10871;8;0;1;0;4;0;0;0;0;0;0
10872;9;1;1;0;4;0;0;0;0;0;0
10873;13;1;2;0;4;0;0;1;0;0;0
10874;9;0;3;0;0;0;0;0;0;0;0
10875;11;0;0;2;2;0;0;0;0;0;0
10876;11;0;2;1;1;1;0;0;0;0;1
10877;13;0;2;1;4;0;0;0;0;0;1
10878;9;0;1;0;4;0;0;0;0;0;0
10879;8;0;2;0;1;1;0;1;0;0;0
10880;17;1;2;2;3;0;0;0;0;0;0
10881;7;0;1;1;2;0;0;0;0;0;1
10882;7;0;1;0;3;0;0;0;0;0;0
10883;9;1;0;2;1;0;0;0;0;0;0
10884;11;0;3;0;2;0;0;0;0;0;0
10885;11;1;4;0;1;0;0;0;0;0;1
10886;11;1;3;0;2;0;0;0;0;0;0
10887;7;2;0;2;0;0;0;0;0;0;0
10888;8;0;3;0;1;0;0;0;0;0;0
10889;3;0;0;2;0;0;0;0;0;0;0
10890;10;1;2;0;2;0;0;0;0;0;0
10891;6;0;0;0;4;0;0;0;0;0;0
10892;10;0;2;0;2;0;0;0;0;0;1
10893;12;0;5;1;1;1;0;0;0;0;0
10894;8;1;0;0;4;0;0;0;0;0;0
10895;16;0;4;0;6;0;0;0;0;0;0
10896;9;1;0;1;3;0;0;1;0;0;0
10897;14;2;1;2;0;0;1;0;0;0;1
10898;11;1;1;1;2;0;0;0;0;0;1
10899;12;2;2;1;1;0;0;0;0;0;1
10900;11;1;1;1;1;0;0;0;0;0;1
10901;11;1;3;1;0;0;0;0;0;0;0
10902;9;0;1;0;4;0;0;0;0;0;0
10903;12;0;0;2;1;1;0;0;0;0;1
10904;10;0;2;0;2;0;0;0;0;0;0
10905;12;1;1;2;1;0;0;0;0;0;0
10906;12;1;3;0;1;0;0;0;0;0;1
10907;12;0;2;2;0;0;0;0;0;0;1
10908;12;0;3;0;3;0;0;0;0;0;0
10909;15;1;1;1;2;0;0;0;0;0;0
10910;14;1;2;3;0;0;0;0;0;0;0
10911;11;1;2;0;2;0;0;0;0;0;0
10912;7;1;1;1;0;0;0;0;0;0;0
10913;9;0;3;1;1;0;0;0;0;0;1
10914;10;0;2;2;0;0;0;0;0;0;0
10915;9;0;2;0;1;0;0;0;0;0;0
10916;14;0;0;1;3;0;0;0;0;0;0
10917;6;0;0;0;2;0;0;0;0;0;0
10918;10;0;3;0;2;0;0;0;0;0;0
10919;12;1;0;1;6;0;0;0;0;0;1
10920;8;1;1;1;1;0;0;0;0;0;0
10921;12;1;1;1;2;0;0;0;0;0;1
10922;18;2;4;1;1;0;0;0;0;0;0
10923;7;0;0;1;1;0;0;0;0;0;0
10924;6;1;0;2;0;0;0;0;0;0;0
10925;11;1;3;1;0;0;0;0;0;0;0
10926;7;1;0;1;1;0;0;0;0;0;0
10927;16;1;3;0;1;0;0;0;0;0;0
10928;11;0;3;0;2;0;0;0;0;0;0
10929;5;1;0;1;0;0;0;0;0;0;1
10930;8;0;2;0;3;0;0;0;0;0;0
10931;8;0;2;0;2;0;0;0;0;0;0
10932;16;2;3;2;0;0;0;0;0;0;1
10933;10;1;1;0;4;0;0;0;0;0;1
10934;7;0;0;0;1;1;0;0;0;0;0
10935;8;1;1;0;2;0;0;0;0;0;0
10936;11;1;2;0;2;0;0;0;0;0;1
10937;10;1;1;1;2;0;0;0;0;0;0
10938;9;1;0;1;2;0;0;1;0;0;0
10939;5;0;0;0;2;0;0;0;0;0;0
10940;13;1;1;2;1;0;0;0;0;0;0
10941;16;1;2;0;7;0;0;0;0;0;0
10942;8;0;1;0;3;0;0;0;0;0;0
10943;10;2;0;2;1;0;0;0;0;0;0
10944;9;0;2;0;2;0;0;0;0;0;1
10945;14;1;2;2;2;0;0;0;0;0;0
10946;14;0;1;2;2;0;1;0;0;0;0
10947;9;0;1;1;1;0;1;0;0;0;1
10948;6;0;0;1;1;0;0;0;0;0;0
10949;14;0;3;1;1;0;0;0;0;0;0
10950;12;0;1;1;3;0;0;0;0;0;1
10951;7;0;3;0;0;0;0;0;0;0;0
10952;7;0;0;2;1;0;0;0;0;0;1
10953;8;0;0;2;1;0;0;1;0;0;1
10954;16;0;3;0;3;0;0;1;0;0;0
10955;5;0;2;0;0;0;0;0;0;0;0
10956;9;0;1;0;3;1;0;0;0;0;0
10957;12;0;3;0;4;0;0;0;0;0;1
10958;14;1;2;1;2;0;0;0;0;0;1
10959;7;0;1;0;2;0;0;0;0;0;1
10960;9;0;0;1;1;0;0;0;0;0;0
10961;9;1;0;1;2;0;0;0;0;0;0
10962;12;0;2;0;2;0;0;0;0;0;1
10963;7;1;1;0;2;0;0;0;0;0;0
10964;10;1;4;0;0;0;0;0;0;0;0
10965;8;0;2;0;2;0;0;0;0;0;0
10966;14;0;3;1;4;0;0;0;0;0;1
10967;9;0;2;0;2;0;0;0;0;0;0
10968;11;1;1;0;4;0;0;0;0;0;0
10969;6;0;2;0;0;0;0;0;0;0;0
10970;9;0;3;0;1;0;0;1;0;0;0
10971;13;1;0;2;3;0;0;0;0;0;0
10972;9;1;3;1;1;0;0;0;0;0;0
10973;7;0;1;0;3;0;0;0;0;0;0
10974;12;1;2;1;4;0;0;0;0;0;1
10975;9;1;2;0;2;0;0;0;0;0;0
10976;10;1;0;2;2;1;0;0;0;0;1
10977;10;0;0;2;2;0;0;0;0;0;1
10978;13;0;1;2;2;0;1;0;0;0;0
10979;8;1;0;1;1;0;0;0;0;0;1
10980;21;1;2;1;8;0;0;0;0;0;1
10981;9;0;1;0;5;0;0;0;0;0;0
10982;13;1;1;3;1;0;0;0;0;0;0
10983;20;2;4;1;2;0;0;0;0;0;1
10984;7;0;1;0;2;0;0;0;0;0;0
10985;12;0;1;1;5;0;0;0;0;0;0
10986;15;2;1;1;4;0;0;0;0;0;0
10987;8;0;1;1;2;0;0;0;0;0;1
10988;4;0;2;0;0;0;0;0;0;0;0
10989;13;0;3;1;2;0;0;0;0;0;1
10990;9;0;2;2;0;0;0;0;0;0;0
10991;11;1;2;1;2;0;0;0;0;0;1
10992;13;0;1;1;3;0;0;0;0;0;0
10993;10;0;0;2;3;0;0;0;0;0;1
10994;14;0;4;0;3;0;0;0;0;0;0
10995;13;0;1;0;7;0;0;0;0;0;0
10996;13;1;3;0;2;0;0;0;0;0;0
10997;17;0;3;0;4;0;0;1;0;0;0
10998;12;1;1;1;4;0;0;0;0;0;0
10999;8;1;1;1;1;0;0;0;0;0;0
11000;9;0;2;1;1;0;0;0;0;0;0
11001;9;2;0;2;1;0;0;0;0;0;1
11002;9;0;2;0;2;0;0;0;0;0;0
11003;10;1;3;1;0;0;0;0;0;0;0
11004;8;1;0;1;2;0;0;0;0;0;0
11005;13;0;3;1;2;0;0;0;0;0;1
11006;13;1;2;1;2;0;0;0;0;0;0
11007;8;0;0;0;4;0;0;0;0;0;0
11008;9;0;2;1;1;0;0;0;0;0;0
11009;14;0;2;0;2;0;1;0;0;0;0
11010;12;0;1;0;5;1;0;0;0;0;0
11011;8;0;1;0;3;0;0;0;0;0;0
11012;15;0;2;1;2;0;0;0;0;0;1
11013;8;0;2;0;1;0;0;0;0;0;0
11014;8;1;1;0;3;0;0;0;0;0;1
11015;14;0;1;2;2;0;1;0;0;0;1
11016;15;0;1;2;2;0;0;0;0;0;1
11017;8;0;1;0;3;0;0;0;0;0;0
11018;11;0;3;1;1;0;0;0;0;0;1
11019;8;0;1;0;4;0;0;0;0;0;0
11020;11;0;2;1;1;0;0;0;0;0;0
11021;10;1;1;1;3;0;0;0;0;0;1
11022;11;0;4;0;0;0;1;0;0;0;0
11023;9;0;2;0;1;0;0;0;0;0;0
11024;12;1;1;1;3;0;0;0;0;0;1
11025;15;0;4;1;1;0;0;0;0;0;0
11026;14;1;1;0;6;0;0;0;0;0;0
11027;4;0;1;0;1;0;0;0;0;0;0
11028;10;0;2;0;2;0;0;0;0;0;0
11029;11;1;2;0;2;0;0;0;0;0;0
11030;10;1;0;2;2;0;0;0;0;0;1
11031;9;0;0;0;4;0;0;0;0;0;0
11032;10;0;3;0;3;0;0;0;0;0;0
11033;17;0;3;3;0;0;1;0;0;0;0
11034;9;1;1;1;1;0;0;0;0;0;1
11035;14;0;4;0;4;0;0;0;0;0;1
11036;12;0;2;0;3;0;0;0;0;0;0
11037;11;0;1;0;4;0;0;0;0;0;1
11038;8;0;3;0;0;0;0;0;0;0;1
11039;5;0;1;0;2;0;0;0;0;0;0
11040;13;0;1;0;1;1;0;0;0;0;0
11041;6;0;2;0;0;0;0;0;0;0;0
11042;8;1;0;1;2;0;0;0;0;0;1
11043;11;1;1;3;1;0;0;0;0;0;1
11044;14;1;2;2;1;1;0;0;0;0;0
11045;10;0;0;0;4;1;0;0;0;0;0
11046;9;0;4;0;0;0;1;0;0;0;0
11047;21;3;4;1;2;0;0;0;0;0;0
11048;14;1;4;2;0;0;0;0;0;0;0
11049;9;1;1;2;1;0;0;1;0;0;1
11050;6;0;0;0;3;0;0;0;0;0;0
11051;5;0;0;0;2;0;0;0;0;0;0
11052;17;1;0;3;2;0;0;0;0;0;1
11053;12;1;1;0;5;0;0;0;0;0;0
11054;9;1;1;1;1;0;0;0;0;0;1
11055;5;0;2;1;0;0;0;0;0;0;0
11056;8;0;0;0;4;0;0;0;0;0;0
11057;11;0;2;0;4;0;0;0;0;0;1
11058;19;1;5;1;2;0;0;1;0;0;0
11059;14;1;4;0;3;0;0;0;0;0;0
11060;8;1;1;0;3;0;0;0;0;0;0
11061;8;1;0;1;2;0;0;0;0;0;0
11062;10;0;1;1;2;0;0;0;0;0;0
11063;11;1;3;0;0;0;0;1;0;0;0
11064;11;0;2;1;3;0;0;0;0;0;1
11065;19;3;3;1;1;0;0;0;0;0;0
11066;12;0;2;2;0;0;0;0;0;0;1
11067;6;0;0;1;1;0;0;0;0;0;1
11068;7;0;1;0;3;0;0;0;0;0;0
11069;12;0;3;0;4;0;0;0;0;0;0
11070;10;0;2;0;3;0;0;0;0;0;0
11071;10;1;2;0;4;0;0;0;0;0;0
11072;17;0;1;0;8;0;1;0;0;0;1
11073;15;0;2;0;4;0;0;1;0;0;0
11074;10;0;1;1;2;0;0;0;0;0;0
11075;6;0;1;1;0;0;0;0;0;0;1
11076;9;0;0;0;5;0;0;1;0;0;0
11077;12;3;2;0;1;0;0;0;0;0;0
11078;8;1;1;1;1;0;0;0;0;0;1
11079;10;0;1;0;4;0;0;0;0;0;0
11080;11;0;1;0;4;0;0;0;0;0;0
11081;14;1;4;0;0;0;1;0;0;0;0
11082;11;1;1;2;1;0;0;0;0;0;0
11083;14;2;2;2;0;0;0;0;0;0;0
11084;12;0;2;0;3;0;0;0;0;0;0
11085;16;1;2;3;2;0;0;0;0;0;0
11086;13;0;2;0;5;0;0;0;0;0;0
11087;12;1;1;2;2;0;0;0;0;0;1
11088;9;0;0;1;1;0;0;0;0;0;1
11089;10;0;3;0;2;0;0;0;0;0;0
11090;10;0;1;0;4;0;1;0;0;0;0
11091;15;0;3;1;5;0;0;0;0;0;0
11092;8;2;0;1;1;0;0;0;0;0;1
11093;14;0;3;0;5;0;0;1;0;0;0
11094;11;0;1;0;2;0;0;0;0;0;1
11095;13;0;1;0;4;0;1;0;0;0;0
11096;14;0;4;1;1;0;0;0;0;0;0
11097;12;1;5;0;1;0;0;0;0;0;0
11098;7;0;4;0;0;0;0;0;0;0;0
11099;8;0;2;0;2;0;0;0;0;0;0
11100;11;1;3;1;1;0;0;0;0;0;1
11101;11;1;1;1;1;0;0;0;0;0;1
11102;5;0;2;0;2;0;0;0;0;0;0
11103;15;0;3;0;2;0;0;0;0;0;1
11104;8;0;1;0;2;0;0;0;0;0;0
11105;13;0;3;0;2;0;0;0;0;0;0
11106;16;0;4;0;4;0;0;0;0;0;1
11107;9;0;0;1;3;0;0;0;0;0;0
11108;8;0;2;0;1;0;0;0;0;0;0
11109;7;0;0;0;3;0;0;1;0;0;0
11110;13;0;3;1;4;0;0;0;0;0;1
11111;15;1;1;1;1;1;0;0;0;0;1
11112;10;1;2;0;2;0;0;0;0;0;0
11113;9;0;1;1;2;0;1;0;0;0;0
11114;4;0;1;0;0;0;0;0;0;0;0
11115;10;0;1;0;0;0;2;0;0;0;0
11116;9;0;0;0;4;0;0;0;0;0;0
11117;19;1;2;1;4;0;0;1;0;0;0
11118;13;1;3;0;0;0;0;0;0;0;0
11119;10;1;8;0;0;0;0;0;0;0;0
11120;19;2;1;3;2;0;0;0;0;0;0
11121;7;0;1;0;2;0;0;0;0;0;1
11122;12;0;1;3;0;0;0;0;0;0;0
11123;12;0;5;0;1;0;0;0;0;0;0
11124;13;0;1;1;2;0;0;0;0;0;1
11125;9;0;1;1;1;0;0;0;0;0;1
11126;10;0;1;1;2;0;0;0;0;0;0
11127;7;0;0;1;3;0;0;0;0;0;0
11128;10;0;1;0;4;0;0;0;0;0;0
11129;13;1;1;0;7;1;0;0;0;0;0
11130;11;0;2;0;2;0;0;0;0;0;0
11131;8;0;2;0;2;0;0;0;0;0;0
11132;8;0;2;0;2;0;0;0;0;0;0
11133;8;1;1;2;1;0;0;0;0;0;0
11134;14;0;3;0;3;0;0;0;0;0;1
11135;9;1;2;0;2;0;0;0;0;0;1
11136;10;0;0;2;1;0;0;0;0;0;0
11137;9;0;0;1;1;0;1;0;0;0;1
11138;15;0;5;0;2;0;0;1;0;0;0
11139;17;0;3;0;4;0;0;0;0;0;0
11140;10;0;1;2;1;0;0;0;0;0;0
11141;12;0;2;1;4;0;0;0;0;0;1
11142;9;0;4;0;1;0;0;0;0;0;0
11143;10;1;1;1;1;0;0;0;0;0;0
11144;12;1;5;0;1;0;0;0;0;0;1
11145;19;1;2;1;4;0;0;0;0;0;1
11146;8;0;0;2;1;0;0;0;0;0;1
11147;7;0;1;1;1;0;0;0;0;0;1
11148;8;0;3;0;2;0;0;0;0;0;0
11149;14;1;2;1;2;0;0;0;0;0;1
11150;10;0;0;2;2;0;0;0;0;0;1
11151;9;1;1;0;2;0;0;0;0;0;0
11152;14;1;4;0;0;0;0;0;0;0;1
11153;4;0;2;0;1;0;0;0;0;0;0
11154;12;0;1;0;4;0;0;1;0;0;0
11155;14;1;3;1;1;0;0;0;0;0;1
11156;14;0;2;1;1;0;0;0;0;0;0
11157;8;1;3;0;1;0;0;0;0;0;0
11158;9;1;0;1;2;0;0;0;0;0;1
11159;9;0;4;0;0;0;0;0;0;0;0
11160;10;1;0;1;4;0;0;0;0;0;1
11161;15;1;4;0;2;1;0;1;0;0;0
11162;7;1;0;1;1;0;0;0;0;0;1
11163;13;1;0;2;3;0;0;0;0;0;1
11164;13;0;3;0;1;0;1;0;0;0;1
11165;8;1;2;0;2;0;0;0;0;0;0
11166;12;2;1;0;4;0;0;0;0;0;0
11167;9;0;2;0;2;0;0;0;0;0;0
11168;9;1;0;1;2;0;0;0;0;0;1
11169;10;1;2;0;3;0;0;0;0;0;0
11170;20;1;4;0;7;0;0;0;0;0;1
11171;6;1;0;0;2;0;0;0;0;0;0
11172;13;0;2;1;0;0;0;0;0;0;0
11173;12;0;1;0;4;0;0;0;0;0;1
11174;5;1;0;1;0;0;0;0;0;0;0
11175;12;0;2;1;4;0;0;0;0;0;0
11176;9;1;0;2;2;0;0;0;0;0;1
11177;8;1;0;1;2;0;0;0;0;0;0
11178;16;2;3;1;1;0;0;0;0;0;0
11179;15;1;2;1;2;0;0;0;0;0;1
11180;12;1;2;0;3;0;0;0;0;0;0
11181;11;1;2;0;2;0;0;0;0;0;0
11182;8;0;0;1;3;0;0;0;0;0;0
11183;9;0;0;1;3;0;0;0;0;0;1
11184;6;0;1;0;2;0;0;0;0;0;0
11185;7;0;1;0;3;0;0;0;0;0;0
11186;15;1;4;0;0;0;1;1;0;0;0
11187;8;0;2;0;2;0;0;0;0;0;0
11188;10;0;2;1;1;0;0;0;0;0;1
11189;19;3;2;1;3;0;0;0;0;0;0
11190;16;1;1;3;1;0;0;0;0;0;0
11191;10;0;1;1;2;0;0;0;0;0;1
11192;16;0;3;2;1;0;0;0;0;0;1
11193;6;1;1;1;0;0;0;0;0;0;0
11194;9;0;1;0;2;0;0;0;0;0;1
11195;6;0;2;1;0;0;0;0;0;0;0
11196;12;0;2;1;4;0;0;0;0;0;0
11197;11;0;0;2;1;1;0;0;0;0;1
11198;11;1;2;1;3;0;0;0;0;0;0
11199;6;0;0;0;2;0;0;0;0;0;0
11200;7;0;1;0;2;0;0;0;0;0;0
11201;7;1;2;1;0;0;0;0;0;0;0
11202;9;2;1;2;1;0;0;0;0;0;0
11203;9;0;1;0;5;0;0;0;0;0;0
11204;9;0;1;0;4;0;0;0;0;0;0
11205;7;1;2;0;1;0;0;0;0;0;0
11206;13;0;1;0;6;0;0;0;0;0;0
11207;14;0;2;1;1;0;1;0;0;0;1
11208;7;2;1;1;1;0;0;0;0;0;1
11209;10;1;4;1;0;0;0;0;0;0;1
11210;11;1;1;2;0;0;0;0;0;0;0
11211;10;0;1;0;4;0;0;0;0;0;0
11212;8;1;2;0;1;0;0;0;0;0;0
11213;12;0;2;1;2;0;0;0;0;0;0
11214;16;1;0;1;8;0;0;0;0;0;0
11215;15;4;2;0;1;0;0;0;0;0;0
11216;11;0;3;0;3;0;0;0;0;0;1
11217;11;1;0;2;1;1;0;0;0;0;0
11218;9;0;2;1;2;0;0;0;0;0;0
11219;10;1;2;0;2;0;0;0;0;0;1
11220;8;0;0;2;1;0;0;0;0;0;0
11221;17;0;1;1;4;1;0;0;0;0;1
11222;14;0;1;1;5;0;0;0;0;0;0
11223;13;1;0;2;1;0;0;0;0;0;0
11224;12;0;3;0;2;0;0;0;0;0;1
11225;11;1;4;0;0;0;0;0;0;0;0
11226;9;1;0;1;2;0;0;0;0;0;1
11227;8;1;0;1;1;0;0;0;0;0;1
11228;14;0;3;2;2;0;0;0;0;0;0
11229;16;1;4;1;2;0;0;0;0;0;1
11230;10;0;2;0;2;1;0;0;0;0;0
11231;9;1;1;1;2;0;0;0;0;0;0
11232;17;1;5;1;0;0;0;0;0;0;0
11233;10;2;0;2;1;0;0;0;0;0;0
11234;7;0;1;0;2;0;0;0;0;0;0
11235;6;0;0;0;3;0;0;0;0;0;0
11236;13;0;4;0;1;0;0;0;0;0;1
11237;11;1;0;2;2;0;0;0;0;0;0
11238;8;0;2;0;2;0;0;0;0;0;1
11239;9;0;1;0;5;0;0;0;0;0;0
11240;15;2;1;2;2;0;0;0;0;0;1
11241;10;1;3;0;2;0;0;0;0;0;0
11242;5;0;1;0;1;0;0;0;0;0;0
11243;10;0;1;0;4;0;0;0;0;0;0
11244;13;1;2;0;2;0;0;0;0;0;1
11245;14;1;2;0;4;0;0;0;0;0;0
11246;8;1;0;1;2;0;0;0;0;0;0
11247;6;1;0;1;2;0;0;0;0;0;0
11248;9;1;0;1;1;1;0;0;0;0;1
11249;9;0;0;2;1;0;0;0;0;0;1
11250;7;0;3;0;1;0;0;0;0;0;0
11251;5;0;1;1;0;0;0;0;0;0;0
11252;17;3;3;2;1;0;0;0;0;0;0
11253;11;2;1;1;2;0;0;0;0;0;0
11254;8;2;2;1;1;0;0;0;0;0;0
11255;11;1;2;1;1;0;0;0;0;0;1
11256;8;1;0;1;1;0;0;0;0;0;1
11257;16;1;0;1;7;1;0;0;0;0;0
11258;10;1;1;1;2;0;0;0;0;0;0
11259;9;0;1;1;1;0;1;0;0;0;1
11260;11;0;2;0;3;0;0;0;0;0;0
11261;10;0;2;0;2;0;0;0;0;0;1
11262;4;0;1;1;0;0;0;0;0;0;0
11263;16;1;2;1;2;0;0;0;0;0;0
11264;15;2;5;0;1;0;0;0;0;0;1
11265;12;0;1;2;3;0;0;0;0;0;1
11266;16;0;4;0;4;0;0;0;0;0;0
11267;7;0;0;0;4;0;0;0;0;0;0
11268;9;1;2;0;2;0;0;0;0;0;0
11269;12;1;0;2;2;0;0;0;0;0;0
11270;11;0;2;0;2;0;0;0;0;0;0
11271;8;1;0;1;2;0;0;0;0;0;0
11272;12;1;1;2;1;0;0;0;0;0;0
11273;6;0;0;1;0;1;0;0;0;0;1
11274;12;0;1;1;1;0;0;0;0;0;1
11275;8;1;1;0;1;0;0;0;0;0;0
11276;7;1;0;1;2;0;0;0;0;0;0
11277;12;0;1;0;5;0;0;0;0;0;0
11278;6;1;1;0;1;0;0;0;0;0;0
11279;14;1;0;2;2;0;0;0;0;0;0
11280;9;0;3;0;0;0;0;0;0;0;1
11281;9;0;1;1;1;1;0;0;0;0;0
11282;14;2;1;1;2;0;0;0;0;0;0
11283;10;0;1;0;1;0;0;0;0;0;0
11284;6;0;0;1;3;0;0;0;0;0;0
11285;13;1;3;1;0;0;0;1;0;0;0
11286;8;0;0;0;2;0;1;0;0;0;0
11287;9;1;0;1;1;1;0;0;0;0;0
11288;8;0;1;0;2;0;0;0;0;0;1
11289;9;0;1;1;2;0;0;0;0;0;1
11290;10;0;1;1;1;0;0;0;0;0;1
11291;5;0;0;1;1;0;0;0;0;0;1
11292;16;0;1;1;5;1;0;0;0;0;0
11293;9;0;2;0;2;0;0;0;0;0;0
11294;10;0;0;1;3;0;0;0;0;0;1
11295;13;2;2;1;1;0;0;1;0;0;0
11296;7;0;2;0;1;0;0;0;0;0;1
11297;14;1;4;1;1;0;0;0;0;0;1
11298;10;2;1;3;0;0;0;0;0;0;1
11299;9;0;1;1;2;0;0;0;0;0;0
11300;14;1;5;0;0;0;0;0;0;0;0
11301;8;2;0;1;0;0;0;0;0;0;1
11302;7;0;0;1;3;0;0;0;0;0;0
11303;14;1;2;1;2;0;0;0;0;0;1
11304;5;0;0;0;2;0;0;0;0;0;0
11305;10;0;0;1;3;0;0;0;0;0;0
11306;5;0;0;1;1;0;0;0;0;0;0
11307;9;0;2;0;1;0;0;0;0;0;1
11308;18;3;3;1;0;0;0;0;0;0;0
11309;15;3;1;2;0;0;0;0;0;0;0
11310;12;1;2;2;0;0;0;1;0;0;0
11311;8;1;0;0;3;0;0;0;0;0;0
11312;8;2;1;0;2;0;0;0;0;0;0
11313;12;0;2;0;3;0;0;0;0;0;1
11314;6;0;1;1;0;0;0;0;0;0;0
11315;9;1;0;1;3;0;0;0;0;0;1
11316;8;0;0;2;1;0;0;0;0;0;1
11317;9;1;2;0;2;0;0;0;0;0;0
11318;13;0;1;1;2;0;0;0;0;0;1
11319;13;0;4;0;2;0;0;1;0;0;0
11320;11;0;2;1;0;0;0;0;0;0;0
11321;9;1;1;0;3;1;0;0;0;0;0
11322;8;0;1;0;3;0;0;0;0;0;0
11323;6;0;1;0;2;0;0;0;0;0;0
11324;18;1;1;2;1;0;0;1;0;0;0
11325;17;0;6;0;3;1;0;0;0;0;0
11326;13;2;2;2;0;0;0;0;0;0;1
11327;7;0;2;0;2;0;0;0;0;0;0
11328;16;3;0;2;1;0;1;0;0;0;0
11329;10;0;0;0;6;0;0;0;0;0;0
11330;7;0;3;0;1;0;0;0;0;0;0
11331;8;1;1;0;1;0;0;0;0;0;0
11332;5;0;2;0;1;0;0;0;0;0;0
11333;11;0;1;0;5;0;0;0;0;0;0
11334;12;0;4;0;0;0;0;0;0;0;0
11335;8;0;0;0;5;0;0;0;0;0;0
11336;12;0;2;1;4;0;0;0;0;0;1
11337;15;0;2;1;1;1;0;0;0;0;1
11338;8;1;0;1;2;0;0;0;0;0;0
11339;17;1;5;2;0;0;0;0;0;0;1
11340;16;1;2;0;4;0;0;1;0;0;0
11341;9;1;0;1;2;0;0;0;0;0;0
11342;7;0;1;0;2;0;0;0;0;0;0
11343;6;0;1;0;2;0;0;0;0;0;0
11344;7;1;1;0;2;0;0;0;0;0;0
11345;8;0;2;0;1;0;0;0;0;0;0
11346;11;0;5;0;1;0;0;0;0;0;0
11347;14;2;3;0;2;0;0;0;0;0;0
11348;9;1;1;2;0;0;0;0;0;0;0
11349;12;1;1;2;2;0;0;0;0;0;1
11350;5;0;0;1;1;0;0;0;0;0;0
11351;8;1;0;1;2;0;0;0;0;0;1
11352;12;0;0;3;1;0;0;0;0;0;1
11353;6;0;1;0;2;0;0;0;0;0;0
11354;15;1;4;0;1;0;0;0;0;0;1
11355;10;0;2;2;1;0;0;0;0;0;1
11356;8;0;0;1;4;0;0;0;0;0;0
11357;10;0;0;1;2;1;0;0;0;0;0
11358;13;0;3;0;3;0;0;0;0;0;0
11359;12;1;1;1;2;0;0;0;0;0;0
11360;10;0;2;1;2;0;0;0;0;0;1
11361;15;1;2;0;5;0;0;1;0;0;0
11362;9;1;3;0;1;0;0;0;0;0;0
11363;8;1;1;0;3;0;0;0;0;0;0
11364;10;1;2;1;0;0;0;0;0;0;1
11365;11;0;1;0;6;0;0;0;0;0;0
11366;12;0;1;0;4;0;0;0;0;0;0
11367;11;1;2;2;0;0;0;0;0;0;1
11368;13;0;3;1;1;0;0;0;0;0;0
11369;7;0;2;0;2;0;0;0;0;0;0
11370;12;0;1;1;3;0;0;0;0;0;0
11371;5;1;0;1;1;0;0;0;0;0;0
11372;11;0;1;1;4;0;0;0;0;0;0
11373;14;0;0;2;2;0;0;0;0;0;1
11374;13;0;3;0;2;0;0;1;0;0;1
11375;13;2;2;0;4;0;0;0;0;0;0
11376;8;0;1;1;1;0;0;0;0;0;0
11377;6;0;2;0;0;0;0;1;0;0;0
11378;14;1;0;2;3;0;0;0;0;0;1
11379;11;1;4;0;0;0;0;0;0;0;0
11380;9;0;1;0;4;0;0;0;0;0;0
11381;12;2;0;2;3;0;0;0;0;0;0
11382;12;0;1;1;5;0;0;0;0;0;0
11383;12;1;1;0;5;0;0;0;0;0;1
11384;17;0;2;2;1;1;1;0;0;0;0
11385;8;0;1;1;2;0;0;0;0;0;0
11386;11;0;4;0;2;0;0;0;0;0;0
11387;13;1;5;0;0;0;0;0;0;0;0
11388;16;0;3;1;3;0;0;0;0;0;1
11389;13;0;2;1;1;1;0;0;0;0;0
11390;5;0;1;0;2;0;0;0;0;0;0
11391;14;0;5;0;3;0;0;0;0;0;1
11392;10;1;0;2;1;0;0;0;0;0;1
11393;10;1;2;0;1;0;0;0;0;0;1
11394;12;1;1;2;2;0;0;0;0;0;1
11395;7;0;1;0;3;0;0;0;0;0;0
11396;14;0;1;0;6;0;0;0;0;0;0
11397;9;1;0;0;4;0;0;0;0;0;0
11398;10;0;2;0;5;1;0;0;0;0;0
11399;12;2;0;2;1;0;0;0;0;0;0
11400;20;2;2;0;6;0;0;1;0;0;0
11401;7;2;2;0;0;0;0;0;0;0;0
11402;7;0;1;0;1;0;0;0;0;0;0
11403;8;0;0;2;0;0;0;0;0;0;0
11404;14;1;1;1;1;0;0;0;0;0;1
11405;11;1;1;0;5;0;0;0;0;0;0
11406;8;1;1;0;2;0;0;0;0;0;0
11407;10;2;1;1;0;1;0;0;0;0;1
11408;8;0;1;0;4;0;0;0;0;0;0
11409;15;2;2;2;0;0;1;0;0;0;0
11410;6;0;1;1;0;0;0;1;0;0;0
11411;16;0;2;1;3;0;0;0;0;0;1
11412;7;0;0;1;2;0;0;0;0;0;1
11413;16;0;2;3;0;0;0;0;0;0;0
11414;10;0;2;0;2;0;0;0;0;0;0
11415;8;0;1;0;1;1;0;0;0;0;0
11416;15;0;2;0;5;1;0;0;0;0;0
11417;12;0;1;2;0;0;0;1;0;0;0
11418;9;1;3;1;0;0;0;0;0;0;1
11419;11;1;1;1;1;0;0;0;0;0;0
11420;9;0;0;0;5;0;0;0;0;0;0
11421;17;1;3;1;1;0;1;0;0;0;0
11422;8;0;2;0;2;0;0;0;0;0;0
11423;17;2;2;2;2;0;0;0;0;0;1
11424;9;1;0;0;4;0;0;0;0;0;0
11425;8;0;1;2;1;0;0;0;0;0;0
11426;13;2;3;3;0;0;0;0;0;0;1
11427;5;0;1;0;1;0;0;0;0;0;0
11428;6;1;1;0;1;0;0;0;0;0;0
11429;11;1;1;1;2;0;0;0;0;0;0
11430;12;1;0;3;0;0;0;1;0;0;1
11431;15;1;1;2;1;0;0;1;0;0;0
11432;14;2;2;1;0;0;0;0;0;0;0
11433;10;1;2;0;1;0;0;0;0;0;0
11434;5;0;1;0;1;0;0;0;0;0;0
11435;12;0;1;1;2;0;1;0;0;0;0
11436;8;0;0;1;2;0;0;0;0;0;0
11437;15;0;1;2;5;0;0;0;0;0;0
11438;13;0;3;0;3;0;0;0;0;0;1
11439;17;2;2;1;1;0;0;0;0;0;0
11440;6;0;0;1;1;0;0;0;0;0;0
11441;8;0;0;1;3;0;0;0;0;0;0
11442;10;0;2;0;2;1;0;0;0;0;1
11443;14;2;0;2;3;0;0;0;0;0;0
11444;8;0;1;0;2;0;0;0;0;0;0
11445;14;0;1;0;3;0;0;1;0;0;0
11446;9;1;2;0;3;0;0;0;0;0;0
11447;19;0;2;2;2;0;1;0;0;0;0
11448;17;1;3;0;3;0;0;0;0;0;0
11449;7;0;1;0;3;0;0;0;0;0;0
11450;8;0;3;0;1;0;0;0;0;0;0
11451;13;1;1;0;3;0;0;0;0;0;1
11452;9;1;2;2;1;0;0;0;0;0;1
11453;6;0;1;1;0;0;0;0;0;0;1
11454;11;0;4;0;3;0;0;0;0;0;1
11455;8;0;1;0;2;0;0;0;0;0;0
11456;9;1;2;1;0;0;0;0;0;0;1
11457;9;0;0;0;3;0;0;0;0;0;0
11458;15;1;2;0;5;0;0;1;0;0;0
11459;9;0;3;0;2;0;0;0;0;0;0
11460;11;2;1;1;2;0;0;0;0;0;1
11461;6;0;1;0;1;0;0;0;0;0;1
11462;6;1;0;1;1;0;0;0;0;0;0
11463;8;2;1;1;0;0;0;0;0;0;0
11464;6;1;1;0;2;0;0;0;0;0;0
11465;11;0;1;0;4;0;0;0;0;0;0
11466;8;1;3;0;0;0;0;0;0;0;1
11467;3;0;0;0;1;0;0;0;0;0;0
11468;7;0;1;0;3;0;0;0;0;0;0
11469;10;0;3;0;0;0;0;0;0;0;0
11470;18;0;2;1;5;0;0;0;0;0;1
11471;8;0;2;1;0;0;0;0;0;0;0
11472;16;2;4;1;1;1;0;0;0;0;0
11473;10;0;0;0;5;0;0;0;0;0;0
11474;12;0;3;0;2;0;0;0;0;0;0
11475;15;1;1;2;2;0;0;0;0;0;0
11476;12;1;5;0;1;0;0;0;0;0;0
11477;8;1;0;1;2;0;0;0;0;0;0
11478;9;0;4;0;0;0;1;0;0;0;0
11479;8;0;2;1;0;0;0;0;0;0;1
11480;9;0;2;0;2;0;0;0;0;0;0
11481;5;0;1;0;3;0;0;0;0;0;0
11482;8;2;1;1;0;0;0;0;0;0;0
11483;18;2;3;1;2;0;0;0;0;0;1
11484;16;0;4;0;0;0;1;0;0;0;0
11485;8;1;0;1;2;0;0;0;0;0;0
11486;13;1;3;2;0;0;0;0;0;0;0
11487;13;1;2;0;3;0;0;0;0;0;0
11488;14;1;2;1;2;1;0;0;0;0;1
11489;12;0;2;0;2;0;0;0;0;0;1
11490;6;0;0;0;4;0;0;0;0;0;0
11491;17;2;4;0;2;0;0;0;0;0;1
11492;8;1;1;1;1;0;0;0;0;0;0
11493;13;1;2;0;4;0;0;0;0;0;0
11494;11;0;3;0;2;0;0;0;0;0;0
11495;7;0;1;0;3;0;0;0;0;0;0
11496;8;2;0;2;0;0;0;0;0;0;0
11497;7;0;0;0;3;0;0;0;0;0;0
11498;8;1;0;1;2;0;0;0;0;0;1
11499;8;0;3;0;0;0;0;0;0;0;0
11500;8;1;0;1;2;0;0;0;0;0;1
11501;14;0;3;1;4;0;1;0;0;0;1
11502;8;0;2;0;3;0;0;0;0;0;0
11503;13;0;5;0;2;0;0;0;0;0;1
11504;10;2;0;1;2;0;0;0;0;0;0
11505;7;0;1;0;2;0;0;0;0;0;1
11506;9;1;1;1;2;0;0;0;0;0;0
11507;11;1;0;2;2;0;0;0;0;0;1
11508;7;1;0;1;2;0;0;0;0;0;1
11509;7;1;2;0;0;0;0;0;0;0;0
11510;15;0;2;1;4;0;0;0;0;0;0
11511;15;1;0;2;3;0;0;0;0;0;0
11512;10;0;1;1;1;0;0;0;0;0;1
11513;10;0;0;0;6;0;0;0;0;0;0
11514;6;1;2;1;0;0;0;0;0;0;0
11515;17;0;4;1;4;0;0;0;0;0;0
11516;10;2;3;0;1;0;0;0;0;0;0
11517;10;0;1;0;4;0;0;0;0;0;0
11518;8;1;0;1;2;0;0;0;0;0;0
11519;7;0;1;0;2;0;0;0;0;0;0
11520;16;1;4;0;4;0;0;0;0;0;1
11521;12;0;3;1;2;0;1;0;0;0;1
11522;10;1;3;0;0;0;0;2;0;0;0
11523;8;1;3;0;1;0;0;0;0;0;0
11524;4;0;0;0;0;1;0;0;0;0;0
11525;12;1;3;1;1;0;0;0;0;0;1
11526;14;0;4;0;4;0;0;0;0;0;0
11527;9;0;0;0;3;0;0;0;0;0;0
11528;13;0;3;1;1;0;0;0;0;0;0
11529;8;0;0;1;1;0;0;0;0;0;1
11530;10;1;3;0;2;0;0;0;0;0;0
11531;13;0;1;0;4;0;0;1;0;0;0
11532;10;0;1;1;2;0;0;0;0;0;0
11533;15;0;3;0;4;0;1;0;0;0;0
11534;12;3;2;1;0;0;0;0;0;0;1
11535;7;0;1;0;4;0;0;0;0;0;0
11536;8;0;2;0;0;0;0;0;0;0;0
11537;8;0;1;1;1;0;1;0;0;0;1
11538;9;0;2;0;3;0;0;0;0;0;0
11539;7;0;1;0;3;0;0;0;0;0;0
11540;9;0;3;0;2;0;0;0;0;0;1
11541;12;2;0;2;2;0;0;0;0;0;1
11542;16;0;3;0;6;0;0;1;0;0;0
11543;9;1;3;0;2;0;0;0;0;0;0
11544;13;1;3;0;3;0;0;0;0;0;0
11545;10;0;1;0;4;0;0;0;0;0;0
11546;6;0;0;2;0;0;0;1;0;0;0
11547;13;0;0;2;4;0;0;0;0;0;1
11548;9;0;0;0;2;0;1;1;0;0;0
11549;9;0;2;0;3;0;0;0;0;0;1
11550;6;1;1;0;0;0;0;0;0;0;0
11551;18;3;6;1;2;0;0;0;0;0;0
11552;9;0;0;1;5;0;0;0;0;0;0
11553;14;1;3;1;1;0;1;0;0;0;0
11554;17;2;2;0;5;0;0;1;0;0;0
11555;6;1;1;0;2;0;0;0;0;0;0
11556;12;2;3;0;2;0;0;0;0;0;0
11557;9;0;2;0;3;0;0;0;0;0;0
11558;11;0;1;0;3;0;0;0;0;0;1
11559;10;2;3;0;2;0;0;0;0;0;1
11560;10;1;0;1;3;0;0;0;0;0;0
11561;14;1;2;2;1;0;0;0;0;0;0
11562;8;1;2;0;0;1;0;0;0;0;0
11563;11;0;1;0;5;1;0;0;0;0;0
11564;12;1;0;2;2;0;0;0;0;0;0
11565;9;1;3;1;0;0;0;0;0;0;0
11566;16;0;5;0;2;0;0;1;0;0;1
11567;14;0;2;0;2;0;0;0;0;0;1
11568;8;0;2;0;1;0;0;0;0;0;0
11569;10;1;1;1;1;0;0;0;0;0;0
11570;13;1;0;2;2;0;0;0;0;0;0
11571;13;3;1;1;2;0;0;0;0;0;0
11572;16;0;1;1;3;0;0;0;0;0;1
11573;7;0;1;0;3;0;0;0;0;0;0
11574;10;0;2;0;1;1;0;0;0;0;0
11575;7;0;0;1;2;0;0;0;0;0;0
11576;10;2;0;2;1;0;0;0;0;0;0
11577;9;0;0;2;1;0;0;0;0;0;1
11578;12;0;2;0;4;0;0;0;0;0;0
11579;10;1;2;0;2;0;0;0;0;0;0
11580;12;1;1;1;4;0;0;0;0;0;1
11581;4;0;0;0;1;0;0;0;0;0;0
11582;10;0;2;1;1;0;0;0;0;0;0
11583;11;1;1;1;3;0;0;0;0;0;0
11584;12;0;4;0;2;0;0;0;0;0;0
11585;7;0;1;0;2;0;0;0;0;0;0
11586;12;1;2;1;0;0;0;1;0;0;1
11587;7;0;1;0;2;0;0;0;0;0;0
11588;23;0;5;1;5;0;0;0;0;0;1
11589;13;3;1;2;0;0;1;0;0;0;0
11590;10;0;3;0;2;1;0;0;0;0;0
11591;17;0;0;2;4;0;0;0;0;0;0
11592;11;0;2;0;2;0;0;0;0;0;0
11593;9;0;0;0;4;0;0;0;0;0;0
11594;6;0;1;1;1;0;0;0;0;0;0
11595;10;1;2;0;2;0;0;0;0;0;0
11596;12;0;3;1;2;0;1;0;0;0;1
11597;9;0;2;2;0;0;0;0;0;0;0
11598;6;0;3;0;0;0;0;0;0;0;0
11599;18;0;2;1;6;0;0;0;0;0;0
11600;7;0;1;0;2;0;0;0;0;0;0
11601;10;2;0;1;2;0;0;0;0;0;0
11602;9;0;2;0;2;0;0;0;0;0;0
11603;8;1;1;1;2;0;0;0;0;0;1
11604;12;0;2;0;2;0;0;0;0;0;0
11605;8;0;2;0;2;0;0;0;0;0;0
11606;15;1;3;1;0;0;0;0;0;0;0
11607;9;1;4;0;0;0;0;0;0;0;0
11608;5;0;1;0;1;0;0;0;0;0;0
11609;6;0;1;0;1;0;0;0;0;0;0
11610;12;4;0;3;0;0;0;0;0;0;1
11611;8;1;0;1;1;0;0;0;0;0;0
11612;8;1;0;1;2;1;0;0;0;0;0
11613;13;1;3;1;2;0;0;0;0;0;0
11614;6;0;2;0;1;0;0;0;0;0;0
11615;11;0;2;1;0;1;0;0;0;0;0
11616;11;1;5;0;0;0;0;0;0;0;1
11617;16;1;5;0;2;0;0;0;0;0;0
11618;8;2;0;2;0;0;0;0;0;0;0
11619;11;0;1;0;2;0;0;0;0;0;0
11620;14;0;5;0;1;0;1;0;0;0;0
11621;9;0;1;1;2;0;0;0;0;0;1
11622;11;0;2;0;4;0;0;0;0;0;0
11623;8;0;1;0;3;0;0;0;0;0;0
11624;10;2;1;2;2;0;0;0;0;0;1
11625;12;2;1;1;1;0;0;0;0;0;1
11626;10;0;4;0;2;0;0;0;0;0;0
11627;8;0;2;0;0;1;0;0;0;0;0
11628;14;0;4;0;1;0;0;1;0;0;0
11629;19;1;2;3;2;0;1;0;0;0;0
11630;9;1;0;2;0;0;0;1;0;0;0
11631;17;0;3;2;1;0;1;0;0;0;1
11632;13;0;2;1;2;0;0;0;0;0;1
11633;16;0;2;1;4;0;0;0;0;0;1
11634;7;1;0;1;1;0;0;0;0;0;1
11635;9;0;2;0;3;0;1;0;0;0;0
11636;16;0;3;1;2;0;0;0;0;0;0
11637;8;1;2;0;0;1;0;0;0;0;0
11638;19;2;5;1;2;0;0;1;0;0;0
11639;11;1;0;0;7;0;0;0;0;0;0
11640;12;0;2;1;0;0;1;0;0;0;1
11641;12;1;1;1;1;0;0;0;0;0;1
11642;9;1;2;1;1;0;0;0;0;0;0
11643;8;0;2;1;1;0;0;0;0;0;1
11644;14;2;4;1;0;0;0;0;0;0;0
11645;15;1;3;0;3;0;0;0;0;0;0
11646;16;2;2;2;0;0;0;0;0;0;0
11647;13;2;3;2;0;0;0;0;0;0;1
11648;5;1;2;0;0;0;0;0;0;0;0
11649;6;0;0;2;0;0;0;0;0;0;0
11650;9;0;2;0;3;0;0;0;0;0;0
11651;9;0;3;0;2;0;0;0;0;0;0
11652;6;0;0;1;2;0;0;0;0;0;0
11653;10;1;3;0;2;0;0;0;0;0;1
11654;8;1;0;2;1;0;0;0;0;0;0
11655;11;1;1;2;0;0;0;0;0;0;1
11656;14;1;0;3;2;0;0;0;0;0;0
11657;13;1;2;3;0;0;0;0;0;0;1
11658;7;0;1;0;2;0;0;0;0;0;0
11659;7;1;2;0;2;0;0;0;0;0;1
11660;9;1;0;1;2;0;1;0;0;0;1
11661;11;1;1;0;4;0;0;0;0;0;0
11662;7;0;1;0;2;0;0;0;0;0;0
11663;7;0;0;1;1;0;0;0;0;0;1
11664;8;0;2;0;2;0;0;0;0;0;0
11665;11;1;3;1;1;0;0;0;0;0;0
11666;8;0;0;0;2;0;0;0;0;0;0
11667;9;1;1;0;4;0;0;0;0;0;0
11668;7;0;1;2;0;0;0;0;0;0;0
11669;9;1;1;0;3;0;0;0;0;0;0
11670;10;0;0;2;1;0;0;0;0;0;1
11671;13;0;3;2;0;0;0;0;0;0;1
11672;13;0;0;1;1;1;0;1;0;0;1
11673;14;0;0;2;2;0;0;0;0;0;0
11674;9;1;2;2;0;0;0;0;0;0;0
11675;10;1;0;2;2;0;0;0;0;0;0
11676;8;1;0;1;1;1;0;0;0;0;0
11677;7;0;0;0;4;0;0;0;0;0;0
11678;10;1;2;0;3;0;0;0;0;0;0
11679;15;3;1;1;2;1;0;0;0;0;0
11680;5;0;1;0;1;0;0;0;0;0;0
11681;6;0;0;1;2;0;0;0;0;0;0
11682;14;1;0;3;2;0;0;0;0;0;1
11683;8;1;0;1;2;0;0;0;0;0;1
11684;10;0;2;0;1;0;0;0;0;0;0
11685;6;0;1;0;1;0;0;0;0;0;0
11686;12;1;2;1;2;0;0;0;0;0;1
11687;14;0;3;0;3;0;0;1;0;0;0
11688;6;0;2;1;0;0;0;0;0;0;0
11689;9;2;3;0;0;0;0;0;0;0;0
11690;7;1;1;1;1;0;0;0;0;0;0
11691;6;0;1;0;2;0;0;0;0;0;0
11692;15;0;0;3;2;0;0;0;0;0;1
11693;17;1;3;1;2;0;0;0;0;0;0
11694;10;0;4;0;3;0;0;0;0;0;0
11695;11;2;1;2;0;0;0;0;0;0;0
11696;7;1;1;0;2;0;0;0;0;0;0
11697;9;1;0;1;1;0;0;0;0;0;0
11698;9;1;1;1;1;0;0;0;0;0;1
11699;8;0;1;0;3;0;0;0;0;0;0
11700;15;1;3;1;3;0;0;1;0;0;0
11701;15;1;4;1;0;0;0;0;0;0;1
11702;7;0;0;1;2;0;0;0;0;0;1
11703;11;2;3;0;1;0;0;0;0;0;0
11704;9;0;1;0;2;0;0;0;0;0;1
11705;8;0;0;1;2;0;0;0;0;0;1
11706;6;1;0;1;1;0;0;0;0;0;1
11707;12;3;0;2;0;0;0;0;0;0;0
11708;5;0;1;0;2;0;0;0;0;0;0
11709;14;1;1;2;2;0;0;1;0;0;1
11710;17;0;5;0;4;0;0;0;0;0;1
11711;8;0;0;1;1;1;0;0;0;0;0
11712;17;0;3;2;2;0;0;0;0;0;1
11713;10;0;1;1;2;0;1;0;0;0;0
11714;15;2;2;3;2;0;0;0;0;0;1
11715;8;0;2;0;1;0;0;0;0;0;0
11716;8;1;1;0;3;0;0;0;0;0;0
11717;13;1;0;3;1;0;0;0;0;0;0
11718;14;1;4;0;1;0;0;1;0;0;0
11719;14;1;3;1;2;0;0;1;0;0;0
11720;10;1;1;1;2;0;0;0;0;0;1
11721;7;0;2;0;1;0;0;0;0;0;0
11722;10;0;2;0;4;0;0;0;0;0;0
11723;12;2;3;0;1;0;0;0;0;0;0
11724;10;1;0;1;2;0;0;0;0;0;0
11725;7;1;1;0;1;0;1;0;0;0;0
11726;12;1;0;2;1;0;0;1;0;0;0
11727;11;0;2;1;1;0;0;0;0;0;0
11728;5;0;0;0;2;0;0;0;0;0;0
11729;13;1;2;2;1;0;0;0;0;0;1
11730;16;1;3;0;2;0;0;0;0;0;1
11731;9;0;1;1;2;0;0;0;0;0;0
11732;15;4;0;3;0;0;0;0;0;0;1
11733;12;0;3;0;1;0;0;0;0;0;1
11734;13;1;3;1;2;0;0;0;0;0;1
11735;10;0;1;2;1;0;0;0;0;0;1
11736;7;0;1;0;2;0;0;0;0;0;0
11737;10;1;0;2;2;0;0;1;0;0;1
11738;9;0;1;1;4;0;0;0;0;0;1
11739;11;0;3;0;2;0;0;0;0;0;1
11740;9;1;0;3;0;0;0;0;0;0;0
11741;8;0;1;2;1;0;0;0;0;0;1
11742;13;0;3;0;2;1;0;0;0;0;0
11743;13;1;2;2;1;0;1;0;0;0;0
11744;13;0;1;2;1;0;1;0;0;0;0
11745;13;3;1;1;2;0;0;0;0;0;1
11746;10;0;4;0;2;0;0;0;0;0;0
11747;8;1;2;0;2;0;0;0;0;0;0
11748;11;1;0;2;2;0;0;0;0;0;0
11749;9;0;2;0;1;1;0;0;0;0;0
11750;10;1;0;3;1;0;0;0;0;0;0
11751;13;0;1;1;3;0;0;0;0;0;0
11752;10;0;0;2;2;0;0;0;0;0;0
11753;7;0;1;0;2;1;0;0;0;0;0
11754;9;1;0;1;3;0;0;0;0;0;1
11755;18;1;5;0;1;0;0;0;0;0;1
11756;13;1;3;0;2;0;0;0;0;0;0
11757;11;0;0;1;4;0;0;0;0;0;0
11758;12;0;1;2;0;0;0;0;0;0;1
11759;10;0;1;1;3;0;0;0;0;0;0
11760;8;0;2;0;1;0;0;0;0;0;0
11761;7;1;0;1;0;0;0;0;0;0;0
11762;8;0;1;0;4;0;0;0;0;0;0
11763;9;0;3;0;0;0;0;0;0;0;0
11764;11;0;3;0;1;0;0;0;0;0;1
11765;9;0;1;1;4;0;0;0;0;0;0
11766;11;0;1;1;1;0;0;0;0;0;1
11767;8;0;1;0;4;0;0;0;0;0;0
11768;9;2;0;2;0;0;0;0;0;0;0
11769;14;0;1;2;1;0;0;0;0;0;0
11770;9;1;0;1;3;1;0;0;0;0;0
11771;12;0;5;0;2;0;0;0;0;0;1
11772;5;0;0;0;2;0;0;0;0;0;0
11773;16;2;2;1;3;1;0;0;0;0;0
11774;14;1;2;1;2;0;0;0;0;0;1
11775;6;0;1;0;2;0;0;0;0;0;0
11776;6;0;0;1;2;0;0;0;0;0;0
11777;12;0;3;0;2;0;0;0;0;0;1
11778;11;1;2;0;2;0;0;0;0;0;0
11779;6;0;1;1;1;0;0;0;0;0;0
11780;9;0;3;0;3;0;0;0;0;0;0
11781;8;0;0;0;4;0;0;1;0;0;0
11782;10;0;3;0;2;0;0;0;0;0;0
11783;13;0;1;1;4;0;0;0;0;0;0
11784;10;0;1;0;4;0;0;1;0;0;0
11785;10;1;1;0;5;0;0;0;0;0;0
11786;11;2;0;2;1;0;0;0;0;0;0
11787;10;0;1;0;4;0;0;0;0;0;0
11788;7;0;0;1;1;0;0;0;0;0;0
11789;10;1;2;1;1;0;0;0;0;0;1
11790;13;3;0;2;2;0;0;1;0;0;1
11791;6;0;0;0;2;0;0;0;0;0;0
11792;12;2;1;1;3;0;0;0;0;0;1
11793;8;1;3;0;0;0;0;0;0;0;0
11794;16;1;4;0;2;1;0;0;0;0;1
11795;14;1;1;1;3;0;0;0;0;0;1
11796;17;2;2;1;2;0;0;0;0;0;1
11797;16;1;4;1;1;0;0;0;0;0;1
11798;13;0;2;2;0;0;1;0;0;0;1
11799;6;0;1;0;2;0;0;0;0;0;0
11800;7;1;1;0;2;0;0;0;0;0;0
11801;8;0;1;1;1;0;0;0;0;0;0
11802;7;0;0;1;2;0;0;0;0;0;0
11803;10;1;0;2;1;0;0;0;0;0;0
11804;9;1;1;0;4;0;0;0;0;0;0
11805;15;0;6;0;1;1;0;0;0;0;1
11806;13;0;2;0;3;0;0;0;0;0;1
11807;10;1;0;2;3;0;0;0;0;0;0
11808;9;1;0;1;3;0;0;0;0;0;0
11809;10;0;0;1;5;0;0;1;0;0;0
11810;8;0;2;0;2;0;0;0;0;0;0
11811;21;2;4;1;4;0;0;0;0;0;0
11812;7;0;1;1;2;0;0;0;0;0;1
11813;13;1;2;0;3;0;1;0;0;0;1
11814;7;0;1;0;3;0;0;0;0;0;0
11815;5;0;0;0;2;0;0;0;0;0;0
11816;9;0;0;2;1;0;0;1;0;0;0
11817;13;0;2;0;2;0;0;0;0;0;1
11818;9;1;3;0;1;1;0;0;0;0;0
11819;11;0;2;2;1;0;0;0;0;0;1
11820;12;2;1;2;2;0;0;0;0;0;1
11821;12;0;3;0;3;0;0;0;0;0;1
11822;18;1;1;3;4;0;0;0;0;0;1
11823;10;1;1;1;1;0;0;0;0;0;0
11824;10;0;2;1;2;0;0;0;0;0;0
11825;7;1;0;1;1;0;0;0;0;0;1
11826;6;0;2;1;0;0;0;0;0;0;0
11827;14;0;1;2;3;0;0;0;0;0;1
11828;11;0;1;1;3;0;0;0;0;0;0
11829;16;1;0;3;2;0;1;0;0;0;0
11830;6;1;1;1;0;0;0;0;0;0;1
11831;7;0;2;0;2;0;0;0;0;0;0
11832;15;2;0;2;2;0;0;0;0;0;0
11833;15;1;4;1;0;0;0;0;0;0;1
11834;6;1;0;1;1;0;0;0;0;0;1
11835;10;0;4;1;1;0;0;0;0;0;0
11836;16;2;2;3;0;0;1;0;0;0;1
11837;15;0;2;0;8;0;0;0;0;0;0
11838;15;0;5;0;0;0;0;1;0;0;0
11839;6;0;2;0;0;0;0;0;0;0;1
11840;18;3;1;3;1;0;0;0;0;0;0
11841;7;0;0;0;3;0;0;0;0;0;0
11842;9;0;0;2;1;0;0;0;0;0;0
11843;12;0;1;2;2;0;0;0;0;0;1
11844;12;2;2;2;0;0;0;0;0;0;0
11845;10;0;0;2;2;0;0;0;0;0;0
11846;10;0;1;0;4;0;0;0;0;0;0
11847;8;0;0;0;5;0;0;0;0;0;0
11848;14;0;7;0;0;0;0;1;0;0;0
11849;12;0;4;0;1;0;0;0;0;0;0
11850;8;0;3;0;1;0;0;0;0;0;0
11851;7;0;0;1;1;1;0;0;0;0;1
11852;15;1;3;0;1;0;0;0;0;0;0
11853;11;0;4;0;2;0;0;0;0;0;1
11854;6;0;0;0;3;0;0;0;0;0;0
11855;13;0;2;0;4;0;0;0;0;0;0
11856;8;0;0;1;2;0;0;0;0;0;1
11857;8;1;0;1;1;0;0;0;0;0;1
11858;13;0;4;1;0;0;0;0;0;0;0
11859;10;0;1;1;4;0;0;0;0;0;1
11860;9;0;1;0;3;0;0;0;0;0;0
11861;8;0;1;0;3;0;0;0;0;0;0
11862;9;2;0;1;3;0;0;0;0;0;0
11863;7;0;1;1;1;0;0;0;0;0;1
11864;10;1;2;0;3;0;0;0;0;0;0
11865;12;1;2;0;4;0;0;0;0;0;0
11866;9;0;1;1;2;0;0;0;0;0;1
11867;9;0;1;0;5;0;0;0;0;0;0
11868;6;0;0;0;4;0;0;0;0;0;0
11869;9;0;0;0;6;0;0;0;0;0;0
11870;11;1;2;1;1;0;0;0;0;0;1
11871;14;1;5;0;4;0;0;0;0;0;1
11872;12;1;0;1;5;0;0;0;0;0;0
11873;10;1;2;0;1;0;0;0;0;0;1
11874;11;0;2;1;2;0;0;0;0;0;1
11875;10;1;3;0;2;0;0;0;0;0;0
11876;10;0;2;1;3;0;0;0;0;0;0
11877;8;0;1;0;3;0;0;0;0;0;0
11878;9;0;1;0;2;0;0;1;0;0;0
11879;10;0;2;0;2;0;0;1;0;0;0
11880;9;1;1;0;4;0;0;0;0;0;0
11881;13;1;1;2;3;0;0;0;0;0;0
11882;12;1;2;1;0;0;0;0;0;0;1
11883;8;1;1;1;0;0;0;1;0;0;0
11884;14;0;3;0;3;0;0;0;0;0;0
11885;6;0;1;1;1;0;0;0;0;0;1
11886;12;0;2;2;1;0;1;0;0;0;1
11887;15;2;1;1;0;0;0;0;0;0;1
11888;10;0;3;1;1;1;0;0;0;0;1
11889;19;2;2;0;7;0;0;1;0;0;0
11890;8;3;0;2;0;0;0;0;0;0;0
11891;13;2;2;2;1;0;0;0;0;0;1
11892;8;0;1;0;4;0;0;0;0;0;0
11893;10;1;0;1;2;0;0;0;0;0;1
11894;16;2;2;2;3;0;0;0;0;0;1
11895;7;0;0;1;3;0;0;0;0;0;0
11896;11;1;3;0;0;0;0;1;0;0;1
11897;12;0;4;1;0;0;0;0;0;0;1
11898;9;0;1;0;3;0;0;0;0;0;0
11899;11;0;4;0;2;0;0;0;0;0;0
11900;11;1;0;2;2;0;0;0;0;0;1
11901;8;1;3;0;0;0;0;0;0;0;0
11902;9;0;1;0;3;0;0;0;0;0;0
11903;19;4;2;2;1;0;0;0;0;0;0
11904;9;0;1;0;3;0;0;0;0;0;0
11905;13;1;2;1;2;0;1;0;0;0;0
11906;10;2;1;2;0;0;0;0;0;0;1
11907;13;1;3;1;2;0;0;0;0;0;1
11908;4;0;1;0;1;0;0;0;0;0;0
11909;10;1;1;1;2;0;0;0;0;0;0
11910;13;0;0;2;1;1;0;0;0;0;0
11911;8;1;1;0;2;0;0;0;0;0;0
11912;8;1;1;1;1;0;0;0;0;0;0
11913;6;0;2;0;1;0;0;0;0;0;1
11914;14;1;2;1;2;0;0;0;0;0;0
11915;10;0;1;1;1;0;0;0;0;0;0
11916;8;0;0;0;4;0;0;0;0;0;0
11917;7;0;1;1;0;0;0;0;0;0;0
11918;14;1;3;1;1;0;1;0;0;0;1
11919;7;0;1;0;2;0;0;0;0;0;0
11920;8;0;1;1;1;1;0;0;0;0;0
11921;9;0;3;0;2;0;0;0;0;0;0
11922;12;1;1;1;3;0;0;0;0;0;1
11923;9;1;3;0;2;0;0;0;0;0;0
11924;7;0;1;0;2;0;0;0;0;0;0
11925;14;0;3;0;4;0;0;0;0;0;0
11926;6;1;2;1;0;0;0;0;0;0;0
11927;13;0;1;0;1;1;0;0;0;0;0
11928;7;1;1;1;1;0;0;0;0;0;1
11929;12;1;0;2;2;0;0;0;0;0;0
11930;12;0;3;0;2;0;0;0;0;0;0
11931;11;2;1;1;2;0;0;0;0;0;0
11932;6;0;1;0;2;0;0;0;0;0;0
11933;10;1;2;0;2;0;0;0;0;0;1
11934;7;1;0;0;4;0;0;0;0;0;0
11935;8;0;2;0;1;1;0;0;0;0;0
11936;14;0;4;0;4;0;0;0;0;0;1
11937;18;1;4;0;2;1;0;0;0;0;1
11938;7;0;3;1;0;0;0;0;0;0;0
11939;9;1;0;1;3;1;0;0;0;0;0
11940;7;1;1;0;2;0;0;0;0;0;0
11941;9;1;0;1;3;0;0;0;0;0;0
11942;7;0;0;1;3;0;0;1;0;0;0
11943;9;0;0;0;4;0;0;0;0;0;0
11944;18;0;4;0;6;0;0;1;0;0;0
11945;12;1;2;1;1;0;0;0;0;0;0
11946;8;0;2;0;2;0;0;0;0;0;0
11947;6;1;0;1;2;0;0;0;0;0;0
11948;6;0;2;0;1;0;0;0;0;0;0
11949;8;0;0;0;4;0;0;0;0;0;0
11950;11;0;2;0;4;0;0;0;0;0;0
11951;11;1;1;1;2;0;0;0;0;0;0
11952;11;1;3;0;2;0;0;0;0;0;0
11953;7;1;0;2;0;0;0;0;0;0;0
11954;7;0;2;0;2;0;0;0;0;0;0
11955;10;0;3;0;1;0;0;0;0;0;1
11956;9;1;1;0;2;0;0;0;0;0;0
11957;8;2;2;0;0;0;0;1;0;0;0
11958;9;0;3;0;1;0;0;0;0;0;1
11959;11;1;0;2;2;0;0;0;0;0;0
11960;16;3;2;1;2;0;0;1;0;0;0
11961;12;1;1;2;2;0;1;0;0;0;1
11962;9;0;1;1;2;0;0;0;0;0;1
11963;13;1;2;1;1;0;0;0;0;0;1
11964;6;0;1;0;1;0;0;0;0;0;0
11965;10;1;2;0;0;0;0;0;0;0;0
11966;13;0;2;2;2;0;1;0;0;0;0
11967;15;1;2;1;2;0;0;0;0;0;1
11968;7;0;1;0;2;0;0;0;0;0;0
11969;11;0;3;0;2;0;0;0;0;0;0
11970;12;1;3;0;3;0;0;0;0;0;0
11971;6;0;0;0;1;0;0;0;0;0;0
11972;6;0;2;0;0;0;0;0;0;0;1
11973;14;0;4;0;5;0;0;0;0;0;1
11974;13;1;1;2;2;0;0;1;0;0;0
11975;9;1;0;1;0;1;0;0;0;0;1
11976;18;1;3;0;6;0;0;1;0;0;0
11977;7;0;3;1;0;0;0;0;0;0;1
11978;9;0;1;0;4;0;0;0;0;0;0
11979;13;1;2;0;2;0;0;0;0;0;0
11980;16;0;4;0;2;0;0;0;0;0;0
11981;12;0;1;1;1;0;0;0;0;0;0
11982;17;2;2;1;2;0;0;0;0;0;1
11983;9;1;0;1;2;0;0;0;0;0;0
11984;14;0;2;1;1;1;0;0;0;0;1
11985;9;1;0;1;2;0;0;0;0;0;1
11986;7;0;2;0;1;0;0;0;0;0;0
11987;11;0;3;0;1;0;0;0;0;0;1
11988;9;0;1;0;3;0;0;0;0;0;0
11989;6;0;2;0;0;0;0;0;0;0;0
11990;11;0;1;2;1;0;0;0;0;0;1
11991;14;0;1;2;2;0;0;0;0;0;1
11992;11;0;2;0;5;0;0;0;0;0;0
11993;10;1;3;0;0;0;0;0;0;0;0
11994;8;0;2;0;2;0;0;0;0;0;0
11995;15;0;2;0;6;0;0;1;0;0;0
11996;12;0;2;0;3;1;0;0;0;0;0
11997;9;2;1;2;0;0;0;0;0;0;1
11998;7;0;2;0;1;0;0;0;0;0;0
11999;7;0;2;0;1;0;0;0;0;0;0
12000;7;0;0;0;3;0;0;0;0;0;0
12001;10;0;3;1;2;0;0;0;0;0;1
12002;5;1;0;1;1;0;0;0;0;0;0
12003;12;0;2;0;5;0;0;1;0;0;0
12004;14;2;3;1;1;0;0;0;0;0;0
12005;8;0;0;0;5;0;0;0;0;0;0
12006;14;1;2;1;2;0;0;0;0;0;1
12007;14;1;2;1;0;0;0;0;0;0;0
12008;10;1;2;2;0;0;0;0;0;0;0
12009;8;1;0;1;2;0;0;0;0;0;0
12010;9;0;1;1;2;0;0;0;0;0;1
12011;7;0;1;0;2;0;0;0;0;0;0
12012;9;0;4;0;0;0;0;0;0;0;0
12013;15;1;0;2;5;0;0;0;0;0;0
12014;8;0;1;0;1;1;0;0;0;0;0
12015;7;1;0;1;1;0;0;0;0;0;1
12016;10;1;1;0;3;0;0;0;0;0;0
12017;5;0;1;0;2;0;0;0;0;0;0
12018;17;1;3;0;3;0;0;1;0;0;0
12019;9;1;1;0;2;0;0;1;0;0;1
12020;14;0;3;0;2;0;0;0;0;0;1
12021;6;0;1;0;2;0;0;0;0;0;0
12022;13;2;3;2;0;0;0;0;0;0;1
12023;8;0;1;0;4;0;0;0;0;0;0
12024;19;1;1;1;6;0;0;0;0;0;1
12025;7;0;0;1;1;0;0;0;0;0;0
12026;6;0;0;0;3;0;0;0;0;0;0
12027;7;1;0;1;0;0;0;0;0;0;0
12028;5;0;0;0;3;0;0;0;0;0;0
12029;14;0;2;1;2;0;0;0;0;0;1
12030;16;1;2;2;2;0;0;0;0;0;0
12031;8;0;4;0;0;0;0;0;0;0;0
12032;12;3;0;3;1;0;0;0;0;0;0
12033;12;0;4;0;0;0;0;0;0;0;0
12034;9;0;0;1;1;0;0;0;0;0;0
12035;9;1;0;1;2;1;0;0;0;0;1
12036;10;1;2;1;2;0;0;0;0;0;0
12037;16;1;3;0;5;0;0;0;0;0;1
12038;10;1;1;0;4;0;0;0;0;0;0
12039;15;1;1;2;4;0;0;0;0;0;0
12040;12;0;4;0;1;0;0;0;0;0;0
12041;6;0;0;1;0;0;0;1;0;0;0
12042;14;1;2;2;0;0;0;0;0;0;1
12043;12;1;3;1;1;0;0;0;0;0;1
12044;11;0;2;1;3;0;0;0;0;0;0
12045;15;0;1;2;3;0;0;0;0;0;1
12046;10;0;1;1;2;0;0;0;0;0;0
12047;9;0;2;0;1;0;0;0;0;0;1
12048;14;0;5;0;3;0;0;1;0;0;0
12049;11;0;5;0;1;0;0;0;0;0;0
12050;10;1;0;3;0;0;0;0;0;0;0
12051;8;1;1;0;3;0;0;0;0;0;0
12052;8;1;2;0;1;0;0;0;0;0;0
12053;10;1;1;1;2;0;0;0;0;0;1
12054;10;0;3;1;1;0;0;0;0;0;0
12055;12;1;2;1;2;0;0;0;0;0;0
12056;8;0;2;0;3;0;0;0;0;0;0
12057;14;0;3;2;1;0;0;0;0;0;1
12058;10;0;2;1;1;0;0;0;0;0;0
12059;16;0;3;1;1;0;0;0;0;0;0
12060;15;2;1;2;3;1;0;0;0;0;1
12061;16;0;2;3;2;0;0;0;0;0;0
12062;15;0;2;0;2;0;0;0;0;0;1
12063;13;2;0;2;1;1;0;0;0;0;1
12064;7;0;1;0;2;0;0;0;0;0;0
12065;10;1;1;1;4;0;0;0;0;0;1
12066;11;1;3;0;2;0;0;0;0;0;0
12067;14;1;3;0;3;0;0;0;0;0;1
12068;12;1;1;0;4;0;0;0;0;0;0
12069;10;3;0;2;0;0;0;0;0;0;0
12070;13;1;2;0;2;0;0;0;0;0;0
12071;10;1;0;1;1;1;0;0;0;0;0
12072;12;0;0;2;2;0;0;0;0;0;1
12073;13;0;3;0;4;0;0;0;0;0;1
12074;8;0;0;0;4;0;0;0;0;0;0
12075;12;0;1;1;2;0;0;0;0;0;0
12076;9;1;1;1;2;0;0;0;0;0;1
12077;9;2;0;1;2;0;0;0;0;0;0
12078;7;1;0;1;2;0;0;0;0;0;1
12079;11;2;2;1;1;0;0;0;0;0;0
12080;13;1;1;2;1;0;0;0;0;0;0
12081;10;0;1;1;2;0;1;0;0;0;1
12082;11;1;1;1;2;0;1;0;0;0;1
12083;10;0;1;1;1;0;0;1;0;0;0
12084;13;1;0;2;1;0;0;0;0;0;1
12085;10;0;2;1;2;1;0;0;0;0;1
12086;7;0;3;0;1;0;0;0;0;0;0
12087;14;2;3;1;2;0;0;0;0;0;1
12088;12;0;1;2;2;0;1;0;0;0;0
12089;7;0;0;2;0;0;0;0;0;0;0
12090;8;0;2;0;2;0;0;0;0;0;1
12091;10;1;0;2;2;0;0;0;0;0;0
12092;6;0;1;0;1;0;0;0;0;0;0
12093;14;1;4;0;2;0;0;0;0;0;1
12094;11;1;1;1;1;1;0;0;0;0;1
12095;8;2;0;1;0;1;0;0;0;0;0
12096;11;0;2;1;3;0;0;0;0;0;0
12097;10;0;3;1;0;0;0;0;0;0;1
12098;17;0;2;1;1;0;1;0;0;0;1
12099;9;0;2;0;2;0;0;0;0;0;1
12100;12;0;1;0;3;1;0;0;0;0;1
12101;7;1;1;1;0;0;0;0;0;0;0
12102;5;0;1;0;1;0;0;0;0;0;0
12103;5;0;0;0;2;0;0;0;0;0;0
12104;9;1;0;1;1;0;0;0;0;0;1
12105;11;1;0;2;1;0;0;0;0;0;0
12106;7;1;2;0;2;0;0;0;0;0;0
12107;20;0;6;0;5;0;0;0;0;0;1
12108;16;1;1;2;3;0;0;0;0;0;0
12109;13;1;0;2;4;0;0;0;0;0;1
12110;7;0;0;1;2;0;0;0;0;0;1
12111;8;0;1;0;3;0;0;0;0;0;0
12112;10;0;1;1;1;0;0;0;0;0;1
12113;8;0;0;1;3;0;0;0;0;0;1
12114;12;1;0;2;3;0;0;0;0;0;1
12115;7;0;3;0;0;0;0;0;0;0;0
12116;10;1;1;1;2;0;0;0;0;0;0
12117;7;0;2;1;0;0;0;0;0;0;1
12118;14;0;1;0;4;0;0;0;0;0;0
12119;16;0;3;1;1;0;0;0;0;0;0
12120;11;0;0;2;3;0;0;0;0;0;0
12121;6;1;0;1;2;0;0;0;0;0;0
12122;9;2;3;0;0;0;0;0;0;0;0
12123;7;0;1;0;2;0;0;0;0;0;0
12124;10;0;1;0;4;0;0;0;0;0;0
12125;15;1;2;0;4;0;0;1;0;0;1
12126;5;0;0;1;1;0;0;0;0;0;0
12127;14;1;3;0;5;0;0;0;0;0;0
12128;6;0;1;0;2;0;0;0;0;0;0
12129;11;1;2;2;0;1;0;0;0;0;0
12130;12;0;1;2;2;0;0;0;0;0;0
12131;7;1;0;1;1;0;0;0;0;0;1
12132;6;0;0;2;1;0;0;0;0;0;1
12133;12;0;5;0;0;0;0;0;0;0;0
12134;11;1;4;1;1;0;0;0;0;0;1
12135;10;2;2;1;1;0;0;0;0;0;0
12136;7;0;0;0;2;0;0;0;0;0;0
12137;15;2;5;1;2;0;0;0;0;0;1
12138;10;1;1;1;0;1;0;0;0;0;0
12139;9;0;3;0;2;0;0;0;0;0;0
12140;9;1;1;0;3;0;0;0;0;0;0
12141;11;0;2;0;4;0;0;0;0;0;1
12142;14;1;3;1;0;1;0;0;0;0;0
12143;9;0;0;0;4;1;0;0;0;0;0
12144;15;1;1;0;4;0;0;0;0;1;0
12145;16;1;2;0;5;0;0;0;0;0;1
12146;8;2;1;2;0;0;0;0;0;0;0
12147;8;0;1;0;3;0;0;0;0;0;0
12148;10;0;1;1;2;0;0;0;0;0;0
12149;6;0;2;0;1;0;0;0;0;0;1
12150;6;0;0;0;4;0;0;0;0;0;0
12151;23;1;3;1;5;0;0;1;0;0;1
12152;6;0;2;0;2;0;0;0;0;0;1
12153;10;0;0;1;3;0;0;0;0;0;1
12154;18;1;5;0;3;0;0;0;0;0;0
12155;11;3;0;2;1;0;0;0;0;0;0
12156;9;2;0;2;2;0;0;0;0;0;0
12157;16;1;4;0;6;0;0;0;0;0;1
12158;10;0;0;1;2;0;0;0;0;0;1
12159;15;0;1;3;1;0;0;0;0;0;0
12160;10;1;4;0;0;0;0;0;0;0;0
12161;15;0;4;1;3;1;0;0;0;0;0
12162;14;1;1;1;2;0;0;0;0;0;1
12163;8;0;0;1;1;0;0;0;0;0;1
12164;10;1;1;2;1;0;0;0;0;0;0
12165;9;0;3;0;2;0;0;0;0;0;0
12166;11;0;1;1;4;0;0;0;0;0;0
12167;15;2;1;2;0;0;0;1;0;0;0
12168;9;0;2;0;4;0;0;0;0;0;0
12169;12;1;2;0;2;0;0;0;0;0;1
12170;14;0;2;1;2;0;1;0;0;0;0
12171;9;0;5;0;0;0;0;0;0;0;0
12172;10;1;2;1;0;0;0;0;0;0;0
12173;12;1;1;1;2;0;0;0;0;0;0
12174;7;3;2;0;0;0;0;0;0;0;0
12175;5;0;1;0;1;0;0;0;0;0;0
12176;8;0;2;0;2;0;0;0;0;0;1
12177;6;0;0;1;2;0;0;0;0;0;0
12178;11;0;0;0;4;0;0;1;0;0;0
12179;12;0;2;1;2;0;0;0;0;0;1
12180;10;1;3;0;2;0;0;1;0;0;0
12181;12;1;3;0;1;0;0;0;0;0;0
12182;6;0;2;0;1;0;0;0;0;0;0
12183;10;0;0;1;2;1;0;0;0;0;0
12184;12;0;4;0;1;0;0;0;0;0;1
12185;15;0;0;3;3;0;1;0;0;0;1
12186;5;0;1;0;2;0;0;0;0;0;0
12187;7;0;1;0;2;0;0;0;0;0;1
12188;9;0;4;1;1;0;0;0;0;0;0
12189;14;0;4;1;1;0;0;0;0;0;1
12190;7;0;1;0;2;0;0;0;0;0;0
12191;15;1;5;0;4;0;0;0;0;0;0
12192;12;0;3;0;1;0;1;0;0;0;0
12193;8;0;1;0;3;0;0;0;0;0;0
12194;13;0;1;1;4;0;0;0;0;0;1
12195;13;1;2;0;2;0;0;0;0;0;0
12196;13;1;1;2;1;0;0;0;0;0;1
12197;17;0;2;1;2;0;0;1;0;0;0
12198;10;0;0;2;2;0;0;0;0;0;0
12199;15;1;3;2;1;0;0;0;0;0;1
12200;10;1;1;0;3;0;0;0;0;0;1
12201;14;0;3;0;3;0;1;0;0;0;1
12202;9;1;2;1;0;0;0;0;0;0;1
12203;7;0;0;0;2;0;0;0;0;0;0
12204;15;0;2;0;4;2;0;1;0;0;0
12205;10;1;0;2;0;0;0;0;0;0;1
12206;8;0;0;2;1;0;0;0;0;0;1
12207;7;0;2;1;1;0;0;0;0;0;1
12208;12;0;4;0;2;0;1;0;0;0;1
12209;10;1;4;1;0;0;0;0;0;0;0
12210;6;0;1;0;1;0;0;0;0;0;0
12211;10;0;0;0;5;0;0;0;0;0;0
12212;8;0;1;0;2;0;0;1;0;0;0
12213;7;0;2;0;1;0;0;0;0;0;0
12214;8;0;2;0;2;0;0;0;0;0;0
12215;10;2;1;0;3;0;0;0;0;0;0
12216;10;0;5;0;2;0;0;0;0;0;0
12217;16;2;1;4;1;0;0;0;0;0;0
12218;10;0;2;0;3;0;0;0;0;0;0
12219;13;0;2;0;6;0;0;0;0;0;0
12220;13;0;1;1;4;0;0;0;0;0;1
12221;15;1;3;0;3;0;0;0;0;0;1
12222;9;1;2;0;2;0;0;0;0;0;1
12223;13;2;0;2;2;0;0;0;0;0;1
12224;4;0;2;0;0;0;0;0;0;0;0
12225;5;0;0;0;2;0;0;0;0;0;0
12226;9;1;0;2;0;0;0;0;0;0;1
12227;9;1;2;1;2;0;0;0;0;0;0
12228;9;1;0;1;3;0;0;0;0;0;1
12229;10;0;2;1;2;0;0;0;0;0;1
12230;7;0;1;0;2;0;0;0;0;0;1
12231;8;0;1;1;2;0;0;0;0;0;0
12232;11;2;1;1;2;0;0;0;0;0;0
12233;9;0;1;1;3;0;0;0;0;0;0
12234;12;1;2;0;2;0;0;0;0;0;0
12235;9;0;1;0;2;2;0;0;0;0;0
12236;12;2;2;1;3;0;0;0;0;0;1
12237;12;1;1;1;1;0;0;0;0;0;1
12238;5;1;0;1;0;0;0;0;0;0;0
12239;11;0;1;0;4;0;0;0;0;0;0
12240;8;2;0;1;2;0;0;0;0;0;0
12241;7;1;0;1;2;0;0;0;0;0;0
12242;11;0;0;1;5;0;0;0;0;0;0
12243;14;0;3;0;2;0;0;0;0;0;1
12244;13;0;2;0;3;0;0;1;0;0;0
12245;16;1;6;0;3;0;0;0;0;0;0
12246;12;0;6;0;0;0;0;0;0;0;0
12247;9;0;1;0;2;0;0;0;0;0;0
12248;8;1;0;1;2;0;0;1;0;0;1
12249;8;0;0;0;5;0;0;0;0;0;0
12250;15;2;1;2;1;0;0;0;0;0;0
12251;7;0;1;0;3;0;0;0;0;0;0
12252;8;1;0;1;1;1;0;0;0;0;0
12253;11;0;0;1;2;0;0;0;0;0;1
12254;11;0;2;1;2;0;1;0;0;0;1
12255;20;1;5;1;4;0;1;0;0;0;0
12256;11;1;1;0;5;0;0;0;0;0;0
12257;6;0;1;0;2;0;0;0;0;0;0
12258;15;0;2;1;2;1;0;0;0;0;1
12259;13;0;2;0;5;0;0;1;0;0;0
12260;12;1;0;2;1;0;0;0;0;0;1
12261;7;0;0;0;4;0;0;0;0;0;0
12262;8;0;0;1;2;0;0;0;0;0;0
12263;16;1;3;1;1;0;0;0;0;0;0
12264;14;1;2;4;1;0;0;0;0;0;0
12265;9;1;1;1;3;0;0;0;0;0;0
12266;6;0;0;1;1;0;0;0;0;0;1
12267;18;0;4;0;7;0;0;0;0;0;1
12268;14;0;1;2;1;1;0;0;0;0;1
12269;11;0;1;1;4;0;0;0;0;0;0
12270;12;0;2;0;3;1;0;0;0;0;0
12271;14;2;4;0;0;0;0;1;0;0;0
12272;14;1;3;0;2;0;0;0;0;0;1
12273;17;1;5;0;1;0;0;0;0;0;1
12274;8;0;1;0;3;0;0;0;0;0;0
12275;12;0;2;2;0;0;0;0;0;0;1
12276;12;1;2;0;2;0;0;0;0;0;0
12277;5;0;0;1;1;0;0;0;0;0;0
12278;7;1;0;2;1;0;0;0;0;0;0
12279;18;3;1;2;3;0;0;0;0;0;0
12280;7;0;3;0;0;0;0;0;0;0;0
12281;10;1;2;0;2;0;0;0;0;0;1
12282;13;1;0;2;1;0;0;0;0;0;1
12283;5;0;0;0;3;0;0;0;0;0;0
12284;9;0;1;2;0;0;0;0;0;0;0
12285;18;2;4;1;1;0;0;0;0;0;0
12286;16;1;2;2;0;0;0;0;0;0;0
12287;15;1;1;0;8;0;0;0;0;0;0
12288;8;0;1;0;2;0;0;0;0;0;0
12289;11;1;2;1;3;0;0;0;0;0;1
12290;7;1;0;1;1;0;0;0;0;0;0
12291;6;1;0;1;1;0;0;0;0;0;1
12292;12;0;0;2;4;0;0;0;0;0;0
12293;11;0;2;1;2;0;0;0;0;0;1
12294;10;0;1;1;1;1;0;0;0;0;1
12295;11;1;2;0;2;0;0;0;0;0;1
12296;8;1;0;2;0;0;0;0;0;0;0
12297;8;0;3;0;1;0;0;0;0;0;0
12298;8;0;0;1;4;0;0;0;0;0;1
12299;20;0;5;0;2;1;1;1;0;0;0
12300;9;0;2;0;2;0;0;0;0;0;0
12301;9;0;1;1;2;0;1;0;0;0;1
12302;7;0;0;0;3;0;0;0;0;0;0
12303;17;0;6;0;4;0;0;1;0;0;0
12304;8;0;1;0;3;0;0;0;0;0;0
12305;10;1;0;1;4;0;0;0;0;0;0
12306;13;2;3;2;0;0;0;0;0;0;0
12307;6;0;2;0;1;0;0;0;0;0;0
12308;13;2;0;2;2;0;0;0;0;0;0
12309;10;1;1;1;1;0;0;0;0;0;0
12310;9;1;2;0;4;0;0;0;0;0;0
12311;10;0;3;1;0;0;0;0;0;0;1
12312;12;0;5;1;1;0;0;0;0;0;0
12313;14;0;2;0;4;0;0;0;0;0;0
12314;18;3;2;3;0;0;0;0;0;0;1
12315;9;0;1;0;5;0;0;0;0;0;0
12316;13;1;1;0;4;0;0;0;0;0;1
12317;11;1;1;2;0;0;0;0;0;0;0
12318;12;2;0;2;2;0;0;0;0;0;0
12319;7;0;0;0;4;0;0;0;0;0;0
12320;8;0;1;0;2;0;0;0;0;0;0
12321;14;0;5;0;2;0;0;0;0;0;0
12322;14;1;3;0;2;0;0;0;0;0;0
12323;8;1;0;1;2;0;0;0;0;0;0
12324;7;0;1;0;3;0;0;0;0;0;0
12325;11;0;1;0;5;0;0;0;0;0;1
12326;10;1;1;2;0;0;0;0;0;0;1
12327;10;0;2;0;3;0;0;0;0;0;0
12328;12;0;1;1;2;0;0;0;0;0;1
12329;7;0;0;1;1;0;0;0;0;0;1
12330;7;2;0;2;0;0;0;0;0;0;0
12331;7;1;0;1;2;0;0;0;0;0;0
12332;15;1;4;0;2;0;0;0;0;0;1
12333;6;0;0;0;1;0;1;0;0;0;0
12334;13;0;5;0;0;0;0;0;0;0;0
12335;10;2;2;1;2;0;0;0;0;0;1
12336;12;0;1;1;2;1;0;0;0;0;0
12337;6;0;1;1;1;0;0;0;0;0;0
12338;8;0;0;0;4;0;0;0;0;0;0
12339;9;0;0;1;3;0;0;0;0;0;0
12340;8;0;0;1;2;0;0;0;0;0;0
12341;7;0;0;1;2;0;0;0;0;0;0
12342;11;1;1;0;5;0;0;0;0;0;0
12343;10;0;2;0;3;0;0;0;0;0;0
12344;8;0;1;1;2;0;0;0;0;0;1
12345;9;0;1;0;3;1;0;0;0;0;0
12346;12;0;1;0;8;0;0;0;0;0;0
12347;7;0;1;1;1;0;0;0;0;0;0
12348;12;0;2;1;3;0;0;0;0;0;1
12349;13;1;1;2;1;0;0;0;0;0;1
12350;12;0;1;0;4;0;0;0;0;0;0
12351;11;0;2;0;3;1;0;0;0;0;1
12352;18;2;2;1;4;0;0;0;0;0;0
12353;9;1;0;2;1;0;0;0;0;0;1
12354;14;2;1;1;2;0;0;0;0;0;1
12355;7;0;1;0;2;0;0;0;0;0;0
12356;5;0;0;1;1;0;0;0;0;0;1
12357;13;2;1;1;5;0;0;0;0;0;0
12358;6;0;1;1;2;0;0;0;0;0;0
12359;19;1;1;2;1;0;0;2;0;0;0
12360;3;1;1;0;0;0;0;0;0;0;0
12361;18;1;6;0;3;0;0;0;0;0;0
12362;12;0;2;1;1;0;0;1;0;0;0
12363;10;0;1;1;2;0;0;0;0;0;0
12364;8;1;0;2;0;0;0;0;0;0;1
12365;10;1;1;1;1;1;0;0;0;0;1
12366;12;1;0;2;2;0;0;0;0;0;1
12367;10;2;0;1;3;0;0;0;0;0;0
12368;11;0;1;2;1;0;0;0;0;0;1
12369;8;1;0;1;1;0;0;0;0;0;1
12370;10;0;3;0;2;0;0;0;0;0;0
12371;7;1;2;0;1;0;0;0;0;0;0
12372;13;0;4;0;5;0;0;0;0;0;1
12373;5;0;0;0;1;0;0;0;0;0;0
12374;15;4;2;1;1;0;0;0;0;0;0
12375;16;2;3;0;0;0;1;0;0;0;0
12376;13;0;1;1;3;0;0;0;0;0;0
12377;6;0;1;0;2;0;0;0;0;0;0
12378;13;0;0;1;7;0;0;0;0;0;0
12379;7;0;1;0;2;0;0;0;0;0;0
12380;6;1;0;0;2;0;0;0;0;0;0
12381;15;0;3;0;5;0;0;0;0;0;0
12382;12;0;2;1;1;0;1;0;0;0;1
12383;14;0;2;1;2;0;0;0;0;0;0
12384;4;0;0;0;2;0;0;0;0;0;0
12385;16;1;2;2;2;0;0;0;0;0;0
12386;16;2;2;2;0;0;1;0;0;0;1
12387;10;1;4;0;1;0;0;0;0;0;1
12388;15;0;3;0;4;0;0;0;0;0;0
12389;6;0;2;0;2;0;0;0;0;0;1
12390;10;2;2;0;2;0;0;0;0;0;0
12391;14;0;2;1;4;0;0;1;0;0;0
12392;10;1;4;1;0;0;0;0;0;0;0
12393;10;4;0;2;0;0;0;0;0;0;0
12394;9;1;0;1;3;0;0;0;0;0;1
12395;11;1;0;2;1;0;0;0;0;0;1
12396;10;1;0;2;1;0;0;0;0;0;0
12397;12;0;1;1;2;0;0;1;0;0;1
12398;9;0;0;2;1;0;0;0;0;0;1
12399;6;0;1;0;2;0;0;0;0;0;0
12400;13;0;1;2;0;0;0;0;0;0;0
12401;9;0;0;2;1;0;0;0;0;0;0
12402;14;3;2;1;1;0;0;0;0;0;0
12403;16;2;1;1;2;0;0;0;0;0;1
12404;7;2;0;1;1;0;0;0;0;0;1
12405;14;1;4;0;2;0;0;0;0;0;1
12406;14;2;4;0;1;0;0;0;0;0;1
12407;13;2;2;1;2;0;0;0;0;0;0
12408;11;1;4;0;1;0;0;0;0;0;0
12409;13;1;1;1;2;0;0;0;0;0;0
12410;8;0;2;0;0;1;0;1;0;0;1
12411;7;1;0;1;2;0;0;0;0;0;0
12412;10;1;1;2;0;0;0;0;0;0;0
12413;9;2;0;2;2;0;0;0;0;0;0
12414;15;3;1;2;1;0;1;0;0;0;0
12415;12;0;2;0;2;0;0;1;0;0;1
12416;15;0;3;2;0;0;0;0;0;0;1
12417;8;1;2;0;2;0;0;0;0;0;0
12418;16;3;3;1;1;0;0;0;0;0;0
12419;14;0;2;1;3;0;0;0;0;0;0
12420;13;0;1;0;2;0;0;1;0;0;0
12421;9;1;1;0;3;1;0;0;0;0;0
12422;14;0;4;0;4;0;0;0;0;0;0
12423;13;0;1;1;2;1;0;0;0;0;1
12424;13;0;1;0;4;0;0;1;0;0;0
12425;10;1;1;0;3;0;0;0;0;0;0
12426;9;0;1;0;4;0;0;0;0;0;0
12427;7;1;1;3;0;0;0;0;0;0;1
12428;8;0;2;0;2;0;0;0;0;0;1
12429;16;0;4;1;4;0;0;1;0;0;0
12430;11;0;1;0;5;0;0;0;0;0;1
12431;12;0;3;0;2;0;0;0;0;0;1
12432;15;0;3;0;2;1;0;0;0;0;1
12433;17;2;3;0;1;0;0;0;0;0;0
12434;9;0;1;0;2;0;0;0;0;0;0
12435;15;0;3;1;4;0;0;1;0;0;0
12436;8;0;1;0;2;0;0;0;0;0;1
12437;7;0;1;0;2;0;0;0;0;0;0
12438;9;0;1;0;2;0;0;0;0;0;0
12439;14;1;4;0;1;0;0;0;0;0;0
12440;14;0;3;1;2;0;0;0;0;0;1
12441;9;0;2;0;2;0;0;0;0;0;1
12442;17;1;3;3;0;0;0;1;0;0;0
12443;9;1;2;0;1;0;1;0;0;0;1
12444;9;0;3;0;2;0;0;0;0;0;0
12445;11;0;1;1;2;0;0;0;0;0;1
12446;11;0;2;1;2;0;0;0;0;0;1
12447;11;0;1;0;3;0;0;0;0;0;0
12448;15;0;4;0;5;0;0;0;0;0;1
12449;8;0;1;0;2;0;0;0;0;0;0
12450;9;0;0;1;3;0;0;0;0;0;0
12451;12;0;1;2;2;0;0;1;0;0;0
12452;13;0;2;1;4;0;0;0;0;0;1
12453;12;1;1;0;2;2;0;1;0;0;0
12454;7;0;1;0;2;0;0;0;0;0;0
12455;19;0;6;0;3;0;0;0;0;0;1
12456;5;0;0;0;2;0;0;0;0;0;0
12457;10;0;2;0;1;0;0;0;0;0;1
12458;11;1;2;1;0;0;0;0;0;0;1
12459;15;0;4;0;3;0;0;1;0;0;0
12460;8;0;1;0;3;0;0;0;0;0;1
12461;14;1;1;1;1;0;0;1;0;0;0
12462;8;1;0;2;1;0;0;0;0;0;0
12463;10;0;1;2;2;0;0;0;0;0;1
12464;10;0;2;0;4;0;0;0;0;0;0
12465;11;1;1;1;2;0;0;0;0;0;0
12466;7;0;1;0;2;0;0;0;0;0;0
12467;16;0;2;0;4;0;0;1;0;0;0
12468;8;0;0;1;1;0;0;1;0;0;0
12469;7;0;1;1;1;0;0;0;0;0;0
12470;13;0;2;0;1;1;0;1;0;0;1
12471;14;0;3;0;4;0;0;0;0;0;0
12472;17;1;3;0;2;0;0;0;0;0;0
12473;12;1;2;0;3;0;0;0;0;0;1
12474;12;0;3;1;1;0;0;0;0;0;0
12475;12;1;3;1;0;0;0;0;0;0;1
12476;14;1;2;0;3;0;0;0;0;0;0
12477;14;0;2;1;4;0;0;0;0;0;1
12478;14;1;1;0;2;0;2;0;0;0;1
12479;15;0;4;1;2;0;0;2;0;0;0
12480;11;0;3;0;3;0;0;0;0;0;1
12481;18;0;7;1;2;0;0;0;0;0;1
12482;15;0;4;0;1;0;0;0;0;0;1
12483;13;0;0;1;3;0;0;0;0;0;1
12484;12;0;3;0;3;0;0;0;0;0;1
12485;13;0;1;0;6;0;0;0;0;0;0
12486;12;0;3;0;1;0;0;0;0;0;0
12487;14;1;3;1;0;0;0;0;0;0;1
12488;10;0;2;1;0;0;1;0;0;0;1
12489;8;0;2;1;0;0;0;0;0;0;0
12490;14;0;4;0;3;0;1;0;0;0;1
12491;12;1;1;2;2;0;0;0;0;0;0
12492;11;0;3;0;1;0;0;0;0;0;1
12493;8;0;1;1;1;0;0;0;0;0;1
12494;11;0;2;1;0;0;0;0;0;0;1
12495;11;0;2;0;2;0;0;0;0;0;1
12496;10;1;0;2;1;0;0;0;0;0;1
12497;10;1;0;1;2;0;0;0;0;0;1
12498;19;0;6;0;2;0;0;1;0;0;0
12499;14;0;3;0;2;0;0;0;0;0;1
12500;7;0;1;0;2;0;0;0;0;0;0
12501;10;0;0;0;5;0;0;0;0;0;0
12502;13;0;2;2;2;0;0;0;0;0;0
12503;6;0;2;0;0;0;0;0;0;0;0
12504;10;0;1;0;2;0;0;0;0;0;1
12505;17;0;4;0;6;0;0;1;0;0;0
12506;11;1;2;0;2;0;0;0;0;0;0
12507;6;0;2;1;0;0;0;0;0;0;1
12508;14;0;2;0;4;0;0;1;0;0;0
12509;16;1;3;0;0;1;0;1;0;0;1
12510;16;1;2;0;5;0;0;1;0;0;0
12511;10;0;2;0;1;0;1;0;0;0;0
12512;14;1;4;0;4;0;0;0;0;0;0
12513;11;0;0;2;3;0;0;0;0;0;1
12514;12;0;3;0;3;0;0;0;0;0;0
12515;12;0;2;0;3;0;0;0;0;0;1
12516;7;0;3;0;2;0;0;0;0;0;1
12517;5;1;0;0;2;0;0;0;0;0;0
12518;17;0;2;1;2;0;0;1;0;0;0
12519;9;0;2;0;2;0;0;0;0;0;1
12520;12;0;3;0;3;1;0;0;0;0;1
12521;13;0;2;0;3;0;0;0;0;0;1
12522;9;0;1;1;2;0;0;0;0;0;0
12523;10;1;4;0;1;0;0;0;0;0;0
12524;13;1;0;3;2;0;0;0;0;0;1
12525;10;0;2;0;2;0;0;0;0;0;1
12526;15;0;5;0;2;0;0;0;0;0;1
12527;16;2;2;2;0;0;0;0;0;0;1
12528;13;0;2;2;0;0;0;0;0;0;1
12529;18;0;2;0;5;0;0;0;0;0;0
12530;9;0;1;0;2;0;0;0;0;0;1
12531;5;0;1;0;2;0;0;0;0;0;0
12532;13;0;3;1;1;0;0;1;0;0;0
12533;15;0;4;0;5;0;0;1;0;0;0
12534;7;0;0;2;0;0;1;0;0;0;1
12535;7;0;0;2;2;0;0;0;0;0;0
12536;14;1;2;1;3;0;0;0;0;0;1
12537;14;1;3;0;2;0;0;0;0;0;1
12538;11;0;3;1;0;0;0;0;0;0;0
12539;8;0;1;0;3;0;0;0;0;0;0
12540;8;0;1;2;1;0;0;0;0;0;1
12541;7;0;0;1;2;0;0;0;0;0;0
12542;16;0;5;1;0;0;0;0;0;0;1
12543;14;1;2;0;5;0;0;0;0;0;0
12544;7;0;1;0;2;0;0;0;0;0;0
12545;9;0;2;0;2;0;0;0;0;0;0
12546;12;0;2;0;4;0;0;1;0;0;0
12547;15;0;0;2;5;0;0;0;0;0;1
12548;12;1;2;0;2;0;0;1;0;0;0
12549;12;0;1;1;3;0;0;1;0;0;1
12550;13;0;3;0;3;0;0;0;0;0;0
12551;12;0;2;0;4;0;0;1;0;0;0
12552;8;0;0;1;3;0;0;0;0;0;0
12553;11;1;2;0;1;0;0;0;0;0;1
12554;11;0;2;0;4;0;0;0;0;0;0
12555;10;1;2;0;2;0;0;0;0;0;0
12556;18;2;2;0;3;0;0;2;0;0;0
12557;11;0;1;1;2;0;0;0;0;0;1
12558;14;1;1;1;2;0;0;0;0;0;1
12559;14;0;4;0;3;0;0;0;0;0;0
12560;9;1;1;0;2;0;0;0;0;0;0
12561;12;0;1;0;2;0;0;2;0;0;1
12562;13;0;2;0;4;0;0;0;0;0;1
12563;11;1;2;0;3;0;0;0;0;0;0
12564;8;1;0;2;2;0;0;0;0;0;1
12565;14;0;3;0;5;0;0;1;0;0;0
12566;14;0;4;0;1;0;0;0;0;0;1
12567;16;0;2;1;2;0;0;0;1;0;1
12568;9;1;2;0;2;0;0;0;0;0;0
12569;8;0;2;1;2;0;0;0;0;0;0
12570;6;0;1;0;2;0;0;0;0;0;0
12571;6;0;1;0;2;0;0;0;0;0;0
12572;9;0;1;1;2;0;0;0;0;0;1
12573;10;0;1;1;1;0;0;0;0;0;1
12574;14;3;4;0;2;0;0;0;0;0;0
12575;12;0;3;0;2;0;0;1;0;0;0
12576;13;0;0;2;2;0;0;0;0;0;1
12577;13;0;4;0;3;0;0;0;0;0;0
12578;11;0;3;1;0;0;0;0;0;0;0
12579;17;1;2;1;1;0;0;0;0;0;1
12580;8;1;1;0;2;0;0;0;0;0;0
12581;6;0;0;0;2;0;0;0;0;0;0
12582;3;0;0;0;1;0;0;0;0;0;0
12583;10;0;1;1;1;0;0;0;0;0;0
12584;7;0;1;0;1;1;0;0;0;0;1
12585;9;0;2;1;2;0;0;0;0;0;1
12586;15;0;2;0;4;0;0;1;0;0;0
12587;9;0;3;0;2;0;0;0;0;0;1
12588;11;1;1;1;2;0;0;0;0;0;1
12589;8;0;1;0;3;0;0;0;0;0;0
12590;11;0;0;2;2;0;0;0;0;0;1
12591;11;0;0;0;6;0;0;0;0;0;0
12592;13;0;2;1;4;0;0;0;0;0;1
12593;12;0;3;0;1;0;0;0;0;0;1
12594;14;2;4;0;0;0;0;0;0;0;0
12595;10;0;3;0;2;1;0;0;0;0;1
12596;15;0;3;0;3;0;0;0;0;0;1
12597;12;1;3;0;2;0;0;0;0;0;0
12598;16;1;2;0;4;0;0;0;0;0;1
12599;12;0;2;2;0;0;0;1;0;0;0
12600;7;0;1;0;2;0;0;0;0;0;1
12601;8;0;0;0;4;0;0;0;0;0;0
12602;9;0;2;0;3;0;0;0;0;0;0
12603;13;0;2;0;5;0;0;1;0;0;0
12604;21;1;2;0;6;0;0;1;0;0;0
12605;11;1;2;1;2;0;0;0;0;0;0
12606;9;1;2;0;2;0;0;0;0;0;1
12607;7;0;1;0;2;0;0;0;0;0;0
12608;4;0;0;0;1;0;0;0;0;0;0
12609;7;0;3;0;0;0;0;0;0;0;0
12610;15;0;1;2;2;0;0;0;0;0;0
12611;15;1;3;0;5;0;0;0;0;0;1
12612;9;0;2;0;1;0;0;0;0;0;0
12613;10;0;2;0;3;0;0;0;0;0;0
12614;8;0;1;0;3;0;0;0;0;0;0
12615;16;0;3;0;5;0;0;0;0;0;0
12616;8;1;1;1;2;0;0;0;0;0;0
12617;20;2;3;0;4;1;0;0;0;0;1
12618;9;0;2;0;2;0;0;0;0;0;0
12619;13;0;4;0;2;0;0;0;0;0;1
12620;15;1;6;0;1;0;0;0;0;0;1
12621;8;0;1;0;2;0;0;0;0;0;0
12622;10;0;0;1;3;0;0;0;0;0;0
12623;7;0;0;0;4;0;0;0;0;0;0
12624;5;0;0;0;2;0;0;0;0;0;0
12625;12;1;2;1;0;1;0;0;0;0;0
12626;5;0;0;1;1;0;0;0;0;0;1
12627;15;1;4;2;1;0;0;0;0;0;0
12628;8;1;1;1;1;0;0;0;0;0;0
12629;11;0;1;0;3;0;0;0;0;0;0
12630;17;0;2;2;3;0;0;0;0;0;1
12631;11;0;1;0;3;0;0;0;0;0;0
12632;12;0;0;1;4;0;0;0;0;0;1
12633;8;0;1;0;2;1;0;0;0;0;0
12634;9;0;3;0;1;0;0;0;0;0;0
12635;14;1;2;0;1;1;0;0;0;0;0
12636;9;0;1;0;3;0;0;0;0;0;0
12637;9;1;2;0;1;0;0;0;0;0;1
12638;15;0;4;0;2;0;0;0;0;0;0
12639;11;0;1;0;4;0;0;2;0;0;0
12640;6;0;1;0;2;0;0;0;0;0;0
12641;14;0;1;0;5;0;0;1;0;0;0
12642;12;1;1;0;3;0;0;0;0;0;0
12643;16;2;3;0;0;0;0;0;0;0;0
12644;7;0;2;0;2;0;0;0;0;0;1
12645;11;0;1;1;1;0;0;0;0;0;0
12646;13;0;1;1;4;0;0;0;0;0;1
12647;7;0;1;1;1;0;0;0;0;0;0
12648;11;0;2;1;2;0;0;0;0;0;1
12649;9;0;2;0;2;0;0;0;0;0;1
12650;7;0;1;1;1;0;0;0;0;0;1
12651;6;0;0;1;2;0;0;0;0;0;0
12652;17;1;2;1;4;0;0;1;0;0;0
12653;7;0;0;1;2;0;0;0;0;0;0
12654;10;1;1;0;3;0;0;0;0;0;0
12655;7;0;1;0;3;0;0;0;0;0;0
12656;9;0;1;1;2;0;0;0;0;0;1
12657;14;0;3;1;1;0;0;0;0;0;1
12658;21;1;4;0;6;0;1;1;0;0;0
12659;11;2;3;0;2;0;0;0;0;0;0
12660;11;0;3;0;1;0;0;0;0;0;1
12661;9;0;0;1;1;0;0;0;0;0;0
12662;17;1;1;2;4;0;0;0;0;0;1
12663;8;0;1;0;3;0;0;0;0;0;0
12664;13;0;2;1;5;0;0;1;0;0;0
12665;13;0;4;0;4;0;0;0;0;0;1
12666;15;0;5;0;5;0;0;0;0;0;1
12667;7;0;1;0;2;0;0;0;0;0;0
12668;9;0;2;0;0;0;0;0;0;0;1
12669;10;1;0;1;2;0;0;0;0;0;0
12670;7;0;2;1;1;0;0;0;0;0;1
12671;15;0;2;1;4;0;0;0;0;0;1
12672;12;0;4;0;1;0;0;0;0;0;1
12673;8;0;2;0;3;0;0;0;0;0;1
12674;13;0;1;2;0;0;0;0;0;0;1
12675;15;0;4;0;4;0;0;0;0;0;1
12676;8;0;2;0;2;0;0;0;0;0;1
12677;16;1;3;1;1;0;0;0;0;0;1
12678;16;0;0;0;9;0;0;0;0;0;0
12679;11;0;1;0;4;0;0;0;0;0;1
12680;14;0;2;1;2;0;0;0;0;0;1
12681;18;0;4;1;5;0;0;1;0;0;0
12682;14;0;1;2;1;0;1;0;0;0;1
12683;10;0;2;1;2;0;0;0;0;0;1
12684;18;0;6;0;3;0;0;0;0;0;1
12685;9;1;4;0;0;0;0;0;0;0;0
12686;17;2;1;0;5;0;0;2;0;0;0
12687;7;0;1;0;2;0;0;0;0;0;0
12688;14;0;3;0;4;0;0;0;0;0;1
12689;12;0;0;2;2;0;1;0;0;0;1
12690;10;0;3;0;2;0;0;0;0;0;1
12691;6;0;1;0;2;0;0;0;0;0;0
12692;9;0;3;0;1;0;0;0;0;0;0
12693;11;0;0;2;3;0;0;0;0;0;1
12694;8;0;3;0;0;0;0;0;0;0;0
12695;6;0;1;0;2;0;0;0;0;0;0
12696;9;0;3;1;0;0;0;0;0;0;0
12697;7;0;1;0;2;0;0;0;0;0;0
12698;11;0;3;0;2;0;0;0;0;0;0
12699;11;0;2;0;3;0;0;0;0;0;0
12700;13;0;3;0;4;0;0;0;0;0;1
12701;14;1;2;0;7;0;0;1;0;0;0
12702;7;0;0;2;0;0;0;0;0;0;1
12703;8;0;1;0;3;0;0;0;0;0;0
12704;13;0;4;0;4;0;0;0;0;0;1
12705;10;0;2;0;1;0;0;0;0;0;1
12706;5;0;2;0;1;0;0;0;0;0;0
12707;14;0;2;1;0;0;0;1;0;0;0
12708;13;1;2;0;2;0;0;0;0;0;1
12709;16;0;3;0;3;0;0;0;0;0;1
12710;11;0;2;0;1;0;0;1;0;0;1
12711;10;1;2;0;2;0;0;0;0;0;1
12712;10;0;0;2;2;0;0;0;0;0;1
12713;10;0;1;0;5;0;1;0;0;0;0
12714;8;0;0;1;3;0;0;0;0;0;1
12715;7;0;2;0;2;0;0;0;0;0;0
12716;7;1;1;0;1;0;0;0;0;0;0
12717;18;2;0;1;5;1;0;0;0;0;0
12718;10;1;0;1;2;0;0;0;0;0;0
12719;10;0;2;0;2;0;0;0;0;0;0
12720;5;0;1;1;0;0;0;0;0;0;0
12721;9;0;1;1;3;0;0;0;0;0;0
12722;7;0;1;0;2;0;0;0;0;0;0
12723;11;1;0;1;3;0;0;0;0;0;1
12724;7;0;1;0;2;0;0;0;0;0;0
12725;18;1;5;0;1;1;0;0;0;0;1
12726;13;0;1;2;1;0;0;0;0;0;1
12727;7;0;1;0;2;0;0;0;0;0;0
12728;6;0;0;2;2;0;0;0;0;0;0
12729;12;0;4;0;1;0;0;0;0;0;1
12730;16;1;3;0;5;0;0;1;0;0;0
12731;9;0;0;1;1;0;0;0;0;0;1
12732;11;0;3;0;1;0;0;0;0;0;1
12733;9;0;0;2;2;0;0;0;0;0;1
12734;18;0;2;0;5;1;0;0;0;0;0
12735;14;0;4;0;4;0;0;0;0;0;1
12736;6;0;1;0;2;0;0;0;0;0;0
12737;8;0;1;0;2;0;0;0;0;0;0
12738;13;1;2;1;2;0;0;0;0;0;1
12739;8;0;1;0;3;0;0;1;0;0;0
12740;10;0;1;0;3;0;0;0;0;0;1
12741;9;0;1;1;3;0;0;0;0;0;1
12742;7;0;1;0;2;0;0;0;0;0;0
12743;15;1;2;0;1;0;0;0;0;0;0
12744;20;0;5;1;5;0;0;1;0;0;0
12745;8;0;0;1;2;0;0;0;0;0;1
12746;11;0;3;1;3;0;0;0;0;0;0
12747;11;0;0;1;4;0;0;0;0;0;0
12748;15;0;3;0;5;0;0;0;0;0;1
12749;7;0;0;1;1;0;0;0;0;0;1
12750;5;2;2;1;0;0;0;0;0;0;1
12751;17;0;6;0;1;0;0;0;0;0;1
12752;7;1;0;1;2;0;0;0;0;0;0
12753;11;0;3;0;4;0;0;0;0;0;1
12754;17;1;2;0;7;0;0;1;0;0;0
12755;20;1;4;0;6;0;0;1;0;0;0
12756;8;0;1;0;4;0;0;0;0;0;0
12757;9;0;1;2;2;0;0;0;0;0;0
12758;7;0;0;1;2;0;0;0;0;0;2
12759;12;0;3;0;0;0;0;0;0;0;0
12760;7;0;2;0;1;0;0;0;0;0;0
12761;11;1;2;0;4;0;0;0;0;0;0
12762;14;1;3;0;2;0;0;0;0;0;1
12763;8;0;0;1;2;0;0;0;0;0;0
12764;12;1;1;0;4;0;0;0;0;0;0
12765;9;1;1;1;0;0;1;0;0;0;1
12766;6;0;1;1;2;0;0;0;0;0;0
12767;8;0;0;1;2;0;0;0;0;0;0
12768;8;0;1;0;3;0;0;0;0;0;0
12769;9;0;0;2;1;0;0;0;0;0;0
12770;9;0;2;0;1;0;0;0;0;0;0
12771;12;1;2;1;0;0;0;0;0;0;1
12772;11;0;2;0;1;0;0;0;0;0;1
12773;13;1;1;2;1;0;0;0;0;0;1
12774;8;0;2;0;2;0;0;0;0;0;0
12775;14;0;3;0;2;0;0;0;0;0;1
12776;12;0;0;2;2;0;0;0;0;0;0
12777;16;0;2;0;6;0;0;0;0;0;1
12778;15;1;1;1;4;0;0;0;0;0;1
12779;8;0;0;2;1;0;0;0;0;0;0
12780;7;0;0;0;3;0;0;0;0;0;0
12781;10;0;1;1;1;0;0;0;0;0;1
12782;8;0;1;2;1;0;0;0;0;0;1
12783;11;4;2;0;0;0;0;0;0;0;1
12784;10;0;2;0;2;0;0;0;0;0;0
12785;8;1;1;0;2;0;0;0;0;0;0
12786;12;0;1;1;1;0;1;0;0;0;1
12787;10;0;0;2;2;0;0;0;0;0;0
12788;12;0;1;0;5;0;0;0;0;0;0
12789;9;0;1;1;1;0;0;1;0;0;1
12790;15;0;2;1;2;0;0;0;0;0;1
12791;8;0;1;0;3;0;0;0;0;0;0
12792;7;1;1;1;2;0;0;0;0;0;1
12793;11;1;2;0;2;0;0;0;0;0;0
12794;14;0;5;0;3;0;0;0;0;0;0
12795;7;0;1;0;2;0;0;0;0;0;0
12796;14;2;2;0;4;0;0;1;0;0;0
12797;8;1;0;2;1;0;0;0;0;0;0
12798;10;0;1;0;3;0;0;0;0;0;0
12799;5;0;1;0;2;0;0;0;0;0;0
12800;12;1;2;2;1;0;0;0;0;0;0
12801;7;0;0;1;3;0;0;0;0;0;0
12802;9;0;1;0;3;0;0;1;0;0;0
12803;15;0;1;1;5;0;0;0;0;0;0
12804;12;0;0;1;4;0;0;0;0;0;1
12805;13;0;2;0;2;0;0;0;0;0;1
12806;7;1;0;2;0;0;0;0;0;0;0
12807;11;1;2;2;0;0;0;0;0;0;1
12808;9;0;0;0;5;0;0;0;0;0;0
12809;8;0;1;0;3;0;0;1;0;0;0
12810;10;1;2;0;2;0;0;0;0;0;0
12811;6;0;1;0;2;0;0;0;0;0;0
12812;12;0;1;0;4;0;0;0;0;0;1
12813;11;1;1;1;1;0;0;0;0;0;0
12814;9;2;0;2;0;0;0;0;0;0;1
12815;12;0;3;0;3;0;0;0;0;0;1
12816;11;0;2;0;4;0;0;1;0;0;0
12817;8;1;1;2;0;0;0;0;0;0;1
12818;8;0;1;0;3;0;0;0;0;0;0
12819;15;0;2;1;3;0;0;0;0;0;1
12820;12;0;2;0;3;0;0;1;0;0;0
12821;11;0;4;2;0;1;0;0;0;0;1
12822;7;0;2;0;2;0;0;0;0;0;0
12823;10;0;2;0;3;0;0;0;0;0;0
12824;10;0;2;0;2;0;0;0;0;0;1
12825;6;0;0;0;2;0;0;0;0;0;0
12826;8;0;1;0;2;0;0;0;0;0;1
12827;7;0;0;1;1;0;0;0;0;0;0
12828;11;1;1;1;3;0;0;0;0;0;0
12829;7;1;2;0;0;0;0;0;0;0;0
12830;11;0;2;0;2;0;0;0;0;0;0
12831;7;0;1;0;2;0;0;0;0;0;0
12832;14;1;3;0;3;0;0;0;0;0;1
12833;13;0;2;0;4;0;0;0;0;0;1
12834;8;0;1;0;3;0;0;0;0;0;0
12835;5;0;0;0;2;0;0;0;0;0;0
12836;15;0;2;0;4;0;0;1;0;0;0
12837;13;1;4;1;0;0;0;1;0;0;0
12838;13;0;5;0;0;0;0;0;0;0;1
12839;13;2;3;1;2;0;0;0;0;0;1
12840;6;0;1;0;2;0;0;0;0;0;0
12841;6;0;1;0;2;0;0;0;0;0;0
12842;21;1;4;0;5;0;0;0;0;0;0
12843;8;0;1;0;2;0;0;0;0;0;0
12844;8;0;0;1;2;0;0;0;0;0;1
12845;8;0;1;0;2;0;0;0;0;0;1
12846;7;0;1;0;1;0;0;0;0;0;0
12847;12;0;1;0;4;0;0;0;0;0;0
12848;14;0;3;0;1;0;0;1;0;0;0
12849;7;1;0;1;1;0;0;0;0;0;0
12850;13;0;1;1;3;0;0;0;0;0;1
12851;9;0;2;0;1;1;0;0;0;0;0
12852;13;0;2;1;1;0;0;0;0;0;0
12853;12;0;2;1;2;0;0;0;0;0;1
12854;13;0;2;1;2;0;0;0;0;0;0
12855;8;0;0;1;1;0;0;0;0;0;1
12856;12;0;2;0;3;0;0;0;0;0;0
12857;14;0;3;0;4;0;0;0;0;0;1
12858;10;0;1;1;4;0;0;0;0;0;0
12859;10;0;1;0;3;0;0;0;0;0;0
12860;11;0;0;2;1;0;0;0;0;0;1
12861;10;1;2;0;0;0;1;0;0;0;0
12862;12;0;2;1;3;0;0;0;0;0;1
12863;12;0;1;2;2;0;0;0;0;0;1
12864;8;0;1;1;2;0;0;0;0;0;0
12865;12;0;3;0;4;0;0;0;0;0;0
12866;7;0;3;0;0;0;0;0;0;0;0
12867;12;1;1;1;3;0;0;0;0;0;0
12868;13;1;2;1;0;0;0;0;0;0;1
12869;12;0;3;0;3;0;0;1;0;0;0
12870;11;1;2;0;4;0;0;0;0;0;1
12871;7;1;1;2;0;0;0;0;0;0;0
12872;10;0;0;2;2;0;0;0;0;0;1
12873;14;1;4;0;2;0;0;0;0;0;1
12874;8;1;3;0;2;0;0;0;0;0;1
12875;14;0;3;0;1;0;0;0;0;0;1
12876;15;1;4;0;5;0;0;0;0;0;1
12877;5;0;0;0;2;0;0;0;0;0;0
12878;18;0;3;1;3;0;1;1;0;0;1
12879;9;1;1;0;3;0;0;0;0;0;0
12880;14;0;2;0;3;0;0;0;0;0;0
12881;9;0;2;0;3;0;0;1;0;0;0
12882;17;0;3;0;4;0;0;1;0;0;0
12883;12;1;2;0;2;0;0;0;0;0;1
12884;8;1;0;1;2;0;0;0;0;0;0
12885;8;0;2;0;2;0;0;0;0;0;1
12886;14;1;3;0;4;0;0;0;0;0;0
12887;11;0;1;0;2;0;0;0;0;0;1
12888;8;0;0;1;2;0;0;0;0;0;0
12889;11;0;3;0;2;0;0;0;0;0;1
12890;14;2;1;1;4;0;0;0;0;0;0
12891;10;1;2;0;2;0;0;1;0;0;0
12892;6;0;0;1;1;0;0;0;0;0;0
12893;9;1;3;0;0;0;0;0;0;0;0
12894;15;0;4;1;3;0;0;1;0;0;0
12895;11;2;2;0;2;0;0;0;0;0;0
12896;6;0;1;0;2;0;0;0;0;0;1
12897;14;0;3;0;5;1;0;0;0;0;0
12898;10;1;1;1;2;0;0;0;0;0;0
12899;12;1;0;1;4;0;0;0;0;0;0
12900;10;1;2;1;2;0;0;0;0;0;1
12901;11;0;2;0;2;0;0;0;0;0;0
12902;14;0;2;0;4;0;0;1;0;0;0
12903;7;1;0;1;2;0;0;0;0;0;1
12904;10;0;1;1;3;0;0;0;0;0;0
12905;11;0;2;0;2;0;0;0;0;0;1
12906;11;1;2;0;2;0;0;0;0;0;0
12907;13;1;2;0;3;0;0;0;0;0;1
12908;8;0;1;0;3;0;0;0;0;0;0
12909;11;1;1;0;4;0;0;0;0;0;0
12910;7;0;1;0;2;0;0;0;0;0;0
12911;15;0;5;1;2;0;0;0;0;0;1
12912;7;0;2;0;1;0;0;0;0;0;0
12913;18;1;2;0;5;0;0;1;0;0;0
12914;10;0;1;2;1;0;0;0;0;0;1
12915;11;0;2;1;1;0;0;0;0;0;0
12916;8;1;2;0;2;0;0;0;0;0;1
12917;9;0;1;1;2;0;0;0;0;0;0
12918;9;0;2;3;0;0;0;0;0;0;0
12919;9;0;0;0;5;0;0;0;0;0;0
12920;9;0;1;0;2;0;0;0;0;0;1
12921;10;0;3;0;0;0;0;0;0;0;0
12922;10;0;3;0;1;0;0;0;0;0;1
12923;7;0;0;1;2;0;0;0;0;0;0
12924;17;1;2;0;2;1;0;1;0;0;0
12925;16;0;2;0;6;0;0;1;0;0;0
12926;8;0;1;0;3;0;0;0;0;0;0
12927;8;0;0;1;3;0;0;0;0;0;0
12928;13;0;4;0;2;0;0;0;0;0;1
12929;6;0;2;0;1;0;0;0;0;0;0
12930;11;0;2;2;0;1;0;0;0;0;1
12931;17;0;4;0;4;1;0;0;0;0;1
12932;12;0;3;0;3;0;0;0;0;0;0
12933;11;0;4;0;2;0;0;0;0;0;1
12934;11;0;1;0;3;0;0;1;0;0;0
12935;6;0;0;0;2;0;0;0;0;0;0
12936;9;0;1;0;4;0;0;0;0;0;1
12937;13;0;3;0;3;0;0;0;0;0;1
12938;8;0;0;1;2;0;0;0;0;0;1
12939;7;0;0;1;2;0;0;0;0;0;0
12940;10;0;1;1;3;0;0;0;0;0;1
12941;5;1;0;0;2;0;0;0;0;0;0
12942;14;1;0;1;3;0;0;0;0;0;0
12943;12;0;1;1;2;0;1;0;0;0;1
12944;11;0;1;2;3;0;0;0;0;0;1
12945;12;1;2;1;2;0;0;0;0;0;1
12946;7;0;1;0;2;0;0;0;0;0;0
12947;16;0;3;0;6;1;0;0;0;0;1
12948;16;1;2;0;2;0;1;0;0;0;1
12949;12;0;1;1;3;0;0;0;0;0;1
12950;15;0;0;2;4;0;0;0;0;0;1
12951;15;0;4;0;2;0;0;0;0;0;1
12952;7;0;1;0;2;0;0;0;0;0;0
12953;12;1;2;0;3;0;0;0;0;0;0
12954;11;0;2;0;4;0;0;0;0;0;1
12955;15;0;0;2;3;0;0;1;0;0;1
12956;5;0;0;0;2;0;0;0;0;0;0
12957;16;0;1;1;5;0;0;1;0;0;0
12958;8;1;1;0;3;0;0;0;0;0;0
12959;11;0;4;0;0;0;0;0;0;0;0
12960;10;0;1;1;4;0;0;0;0;0;0
12961;15;1;4;0;3;0;0;0;0;0;0
12962;9;0;2;0;2;0;0;0;0;0;0
12963;14;1;2;2;0;0;1;0;0;0;1
12964;16;1;1;1;3;0;0;0;0;0;1
12965;9;0;2;0;2;0;0;0;0;0;0
12966;14;1;3;0;0;0;0;0;0;0;0
12967;8;0;1;1;0;1;0;0;0;0;1
12968;9;0;2;0;1;0;0;0;0;0;1
12969;17;2;4;0;3;0;0;0;0;0;0
12970;13;0;1;0;4;0;0;0;0;0;1
12971;14;0;3;0;4;0;0;1;0;0;0
12972;19;1;4;0;4;0;0;1;0;0;0
12973;10;1;3;1;0;0;0;0;0;0;1
12974;7;0;1;0;2;0;0;0;0;0;1
12975;10;0;0;2;3;0;0;0;0;0;0
12976;19;0;4;0;6;0;0;1;0;0;0
12977;14;2;3;1;0;0;0;0;0;0;1
12978;14;0;5;1;1;0;0;0;0;0;1
12979;13;0;4;0;3;0;0;1;0;0;0
12980;11;0;1;0;2;0;0;1;0;0;1
12981;16;0;6;0;2;0;0;1;0;0;0
12982;7;0;1;0;2;0;0;0;0;0;0
12983;11;0;2;0;2;0;0;0;0;0;1
12984;7;0;0;2;2;0;0;0;0;0;1
12985;6;0;2;0;1;0;0;0;0;0;0
12986;15;1;3;1;3;0;0;1;0;0;0
12987;12;1;2;1;1;0;0;0;0;0;1
12988;6;0;1;0;3;0;0;0;0;0;0
12989;15;1;3;0;3;0;0;0;0;0;0
12990;13;0;1;2;1;0;0;0;0;0;1
12991;8;0;1;0;3;0;0;0;0;0;0
12992;8;0;2;1;2;0;0;0;0;0;1
12993;10;1;1;0;3;0;0;0;0;0;0
12994;10;0;0;1;4;0;0;0;0;0;0
12995;12;0;2;1;1;1;0;0;0;0;0
12996;8;0;2;0;2;0;0;0;0;0;0
12997;9;1;1;0;3;0;0;0;0;0;0
12998;11;0;1;0;5;0;0;0;0;0;0
12999;8;0;3;0;0;0;0;0;0;0;1
13000;12;0;3;0;1;0;0;0;0;0;0
13001;8;0;0;2;1;0;0;0;0;0;1
13002;18;2;3;0;5;0;0;1;0;0;0
13003;14;0;3;1;0;0;0;0;0;0;1
13004;16;2;5;1;0;0;0;0;0;0;1
13005;8;0;2;0;2;0;0;0;0;0;0
13006;13;1;3;1;0;0;0;0;0;0;0
13007;7;0;1;0;2;0;0;0;0;0;0
13008;18;0;5;1;1;0;0;0;0;0;1
13009;12;1;1;0;3;0;0;0;0;0;1
13010;15;0;0;2;1;0;0;1;0;0;1
13011;10;0;1;1;2;0;0;0;0;0;0
13012;8;1;2;0;1;0;0;0;0;0;0
13013;12;0;2;1;2;0;0;0;0;0;1
13014;11;1;2;0;3;0;0;0;0;0;1
13015;13;0;1;1;2;0;0;1;0;0;1
13016;15;1;3;0;2;0;0;0;0;0;1
13017;14;0;5;0;1;0;0;0;0;0;1
13018;8;1;1;0;2;0;0;0;0;0;0
13019;6;0;1;0;1;0;0;0;0;0;0
13020;14;0;2;1;2;0;0;0;0;0;1
13021;10;0;4;0;0;0;0;1;0;0;0
13022;9;0;1;1;2;0;0;0;0;0;0
13023;9;1;1;0;3;0;0;0;0;0;1
13024;11;0;4;0;1;0;0;0;0;0;0
13025;14;0;4;0;3;0;0;0;0;0;1
13026;17;1;3;0;3;1;0;1;0;0;0
13027;13;0;2;1;5;0;0;1;0;0;0
13028;12;0;3;0;1;0;0;0;0;0;1
13029;7;0;0;1;4;0;0;0;0;0;0
13030;16;0;3;0;2;0;1;1;0;0;0
13031;7;0;1;0;1;0;0;0;0;0;0
13032;8;1;1;0;1;0;0;0;0;0;0
13033;11;0;2;1;2;0;0;0;0;0;0
13034;10;0;0;1;2;0;0;0;0;0;1
13035;17;0;5;0;4;0;0;0;0;0;0
13036;5;0;0;0;2;0;0;0;0;0;0
13037;4;0;2;0;0;0;0;0;0;0;0
13038;11;0;2;0;1;0;0;0;0;0;0
13039;14;0;4;0;2;0;0;0;0;0;1
13040;9;0;4;0;0;0;0;0;0;0;0
13041;11;0;3;0;2;0;0;0;0;0;1
13042;14;0;4;0;3;0;0;0;0;0;1
13043;11;2;2;0;2;0;0;0;0;0;0
13044;7;1;1;1;0;0;0;0;0;0;1
13045;15;1;3;0;2;0;0;0;0;0;1
13046;8;0;1;0;3;0;0;0;0;0;0
13047;8;0;2;0;2;0;0;0;0;0;0
13048;8;0;2;1;3;0;0;0;0;0;0
13049;13;0;3;0;2;0;0;0;0;0;1
13050;6;1;0;2;0;0;0;0;0;0;1
13051;8;0;1;0;2;0;0;0;0;0;0
13052;7;0;1;0;2;0;0;0;0;0;0
13053;9;1;1;1;2;0;0;0;0;0;1
13054;9;0;1;0;4;0;0;0;0;0;0
13055;11;0;2;1;2;0;0;0;0;0;1
13056;8;0;0;2;1;0;0;0;0;0;0
13057;13;0;0;1;3;0;0;0;0;0;1
13058;10;0;0;2;2;0;0;0;0;0;1
13059;10;0;2;0;2;0;0;0;0;0;1
13060;12;1;3;0;4;0;0;0;0;0;1
13061;10;0;1;0;5;0;0;0;0;0;0
13062;8;2;2;1;0;0;0;0;0;0;0
13063;8;0;1;0;3;0;0;0;0;0;0
13064;11;2;3;0;2;0;0;0;0;0;1
13065;11;0;1;1;2;0;0;0;0;0;1
13066;11;1;2;0;2;0;0;0;0;0;1
13067;14;0;3;0;2;0;0;0;0;0;1
13068;8;0;0;1;2;1;0;0;0;0;0
13069;6;0;2;0;0;0;0;0;0;0;0
13070;8;0;2;0;0;0;0;0;0;0;0
13071;11;0;0;1;0;1;0;0;0;0;0
13072;11;0;1;1;2;0;0;0;0;0;1
13073;14;0;3;0;3;0;0;1;0;0;0
13074;11;1;2;1;1;0;0;0;0;0;0
13075;13;1;4;0;1;0;0;0;0;0;0
13076;13;0;1;1;2;0;0;0;0;0;1
13077;8;0;1;0;3;0;0;0;0;0;0
13078;9;0;1;0;4;0;0;0;0;0;0
13079;13;1;3;0;2;0;0;0;0;0;1
13080;9;0;3;0;2;0;0;0;0;0;1
13081;14;0;2;0;5;1;0;1;0;0;0
13082;15;1;2;0;5;0;0;1;0;0;0
13083;13;0;0;1;5;0;0;0;0;0;1
13084;9;0;0;1;3;0;0;0;0;0;0
13085;14;0;2;0;4;0;0;1;0;0;0
13086;15;0;2;0;4;0;0;0;0;0;1
13087;13;1;1;0;2;0;0;0;0;0;1
13088;9;0;2;0;1;0;0;0;0;0;1
13089;11;0;2;1;3;0;0;0;0;0;1
13090;12;1;3;0;3;0;0;0;0;0;1
13091;7;0;1;0;3;0;0;0;0;0;0
13092;8;0;1;0;2;0;0;0;0;0;0
13093;13;0;3;2;2;0;0;0;0;0;1
13094;10;1;1;0;2;0;0;1;0;0;0
13095;5;0;0;0;2;0;0;0;0;0;0
13096;6;1;3;0;0;0;0;0;0;0;0
13097;7;0;2;0;2;0;0;0;0;0;0
13098;13;1;1;1;3;0;1;0;0;0;0
13099;10;0;0;0;6;1;0;0;0;0;0
13100;5;0;0;0;2;0;0;0;0;0;0
13101;11;0;2;0;2;0;0;0;0;0;1
13102;13;0;2;1;3;0;0;0;0;0;1
13103;7;0;2;0;2;0;0;0;0;0;0
13104;14;0;3;0;2;0;0;1;0;0;0
13105;15;0;2;0;4;0;0;1;0;0;0
13106;11;0;0;2;1;0;0;0;0;0;1
13107;7;0;0;1;1;0;0;0;0;0;1
13108;8;0;2;0;2;0;0;0;0;0;0
13109;9;0;1;2;0;0;0;0;0;0;1
13110;9;0;1;1;2;1;0;0;0;0;1
13111;8;0;2;0;2;0;0;0;0;0;0
13112;7;0;1;0;2;0;0;0;0;0;0
13113;7;0;0;1;2;0;0;0;0;0;0
13114;14;0;3;0;5;0;0;1;0;0;0
13115;14;0;4;0;1;0;0;0;0;0;0
13116;10;0;2;0;2;0;0;0;0;0;0
13117;13;1;2;0;2;0;0;0;0;0;0
13118;11;0;2;0;1;0;0;0;0;0;1
13119;7;0;1;0;2;0;0;0;0;0;0
13120;8;0;0;1;2;0;0;0;0;0;0
13121;14;0;2;1;2;0;0;0;0;0;1
13122;9;0;0;2;1;0;0;0;0;0;0
13123;15;0;1;1;5;0;0;0;0;0;1
13124;14;0;3;0;2;0;0;0;0;0;1
13125;11;1;2;0;2;0;0;0;0;0;0
13126;9;0;1;2;1;0;1;0;0;0;1
13127;17;1;1;0;4;0;0;1;0;0;0
13128;7;0;0;1;1;0;0;0;0;0;0
13129;13;1;3;0;2;0;0;0;0;0;1
13130;5;0;0;1;2;0;0;0;0;0;0
13131;16;1;3;0;2;0;0;0;0;0;1
13132;8;1;1;0;0;0;0;0;0;0;0
13133;7;0;4;0;0;0;0;0;0;0;1
13134;19;0;4;0;4;0;0;1;0;0;0
13135;13;1;2;0;2;0;0;0;0;0;0
13136;11;0;0;2;1;1;0;0;0;0;0
13137;11;0;2;0;3;0;0;0;0;0;0
13138;10;0;1;0;3;0;0;0;0;0;0
13139;9;0;3;0;1;0;0;0;0;0;1
13140;5;0;0;0;2;0;0;0;0;0;0
13141;11;0;3;0;2;0;0;0;0;0;0
13142;12;0;3;0;2;0;0;0;0;0;1
13143;14;1;1;0;2;0;0;0;0;0;0
13144;14;0;4;0;0;0;0;0;0;0;1
13145;14;2;5;0;2;0;0;0;0;0;1
13146;4;0;2;1;0;0;0;0;0;0;0
13147;11;1;2;1;1;0;0;0;0;0;1
13148;8;2;0;2;1;0;0;0;0;0;0
13149;13;0;2;0;4;0;0;0;0;0;1
13150;11;0;1;2;2;0;0;0;0;0;1
13151;9;1;0;2;1;0;0;0;0;0;0
13152;6;0;1;0;2;0;0;0;0;0;0
13153;11;0;0;2;2;0;0;0;0;0;0
13154;15;2;4;0;0;0;0;0;0;0;0
13155;8;0;4;0;0;0;0;0;0;0;0
13156;13;3;2;0;2;0;0;1;0;0;0
13157;16;1;2;0;2;0;0;0;0;0;0
13158;10;0;1;0;4;0;0;0;0;0;0
13159;14;0;5;0;2;0;0;0;0;0;1
13160;12;0;2;0;2;0;0;0;0;0;0
13161;13;0;3;0;4;0;0;0;0;0;1
13162;19;1;0;4;2;0;0;0;0;0;0
13163;12;1;2;0;4;0;0;0;0;0;0
13164;5;0;2;0;0;0;0;0;0;0;0
13165;11;0;2;0;3;0;0;0;0;0;0
13166;10;0;2;1;2;0;0;0;0;0;1
13167;12;0;1;2;1;0;0;0;0;0;1
13168;10;0;1;0;2;0;0;0;0;0;1
13169;8;0;1;0;3;0;0;0;0;0;1
13170;15;0;2;0;5;0;0;1;0;0;0
13171;14;0;3;0;3;0;0;0;0;0;1
13172;11;0;0;2;3;0;0;0;0;0;0
13173;10;0;0;1;2;0;0;0;0;0;0
13174;6;0;0;1;2;0;0;0;0;0;1
13175;17;1;1;2;2;0;1;0;0;0;1
13176;8;0;0;0;3;0;1;0;0;0;0
13177;11;1;2;0;2;0;0;0;0;0;0
13178;12;1;2;0;3;0;0;0;0;0;1
13179;13;0;2;0;3;0;0;0;0;0;1
13180;10;0;1;0;3;0;0;0;0;0;0
13181;8;0;2;1;1;0;0;0;0;0;0
13182;6;0;1;0;1;0;0;0;0;0;0
13183;15;0;3;0;7;0;0;1;0;0;0
13184;8;0;1;0;3;0;0;0;0;0;0
13185;7;0;1;0;3;0;0;0;0;0;0
13186;10;0;2;0;3;0;0;0;0;0;0
13187;7;0;0;1;2;0;0;0;0;0;1
13188;6;0;1;0;1;0;0;0;0;0;1
13189;17;1;2;0;6;0;0;0;0;0;0
13190;9;0;2;2;0;0;0;0;0;0;1
13191;14;0;2;1;4;0;0;0;0;0;1
13192;9;0;0;2;1;0;1;0;0;0;1
13193;9;0;1;1;2;0;0;0;0;0;0
13194;13;0;2;1;2;0;0;0;0;0;0
13195;9;0;3;0;0;0;0;0;0;0;0
13196;14;1;5;0;2;0;0;0;0;0;1
13197;7;0;0;2;1;0;0;0;0;0;1
13198;9;0;1;1;2;0;0;0;0;0;1
13199;8;0;1;1;1;0;0;0;0;0;1
13200;13;0;4;1;1;0;0;0;0;0;1
13201;12;0;2;1;0;0;0;1;0;0;0
13202;10;0;1;0;5;0;0;0;0;0;0
13203;9;0;1;1;2;0;0;0;0;0;1
13204;11;0;2;1;1;1;0;0;0;0;1
13205;4;1;0;0;1;0;0;0;0;0;0
13206;9;0;1;0;3;0;0;0;0;0;0
13207;11;0;3;0;1;1;0;0;0;0;1
13208;9;0;1;0;2;0;1;0;0;0;0
13209;11;0;2;0;4;0;0;0;0;0;0
13210;7;0;2;0;2;0;0;0;0;0;0
13211;8;0;2;0;3;0;0;0;0;0;0
13212;14;0;2;0;4;0;0;0;0;0;1
13213;8;0;1;0;2;0;0;0;0;0;0
13214;6;0;2;0;0;0;0;0;0;0;0
13215;9;3;2;0;0;0;0;0;0;0;0
13216;8;0;2;0;2;0;0;0;0;0;0
13217;14;1;0;2;3;0;0;0;0;0;1
13218;10;0;3;0;3;0;0;0;0;0;0
13219;10;1;1;0;4;0;0;0;0;0;0
13220;7;0;1;0;2;0;0;0;0;0;0
13221;14;0;4;0;4;0;0;1;0;0;0
13222;13;1;2;1;1;0;0;0;0;0;1
13223;9;0;1;1;2;0;0;0;0;0;1
13224;8;0;1;1;2;0;0;0;0;0;1
13225;9;0;2;0;2;0;0;0;0;0;0
13226;14;0;2;1;2;0;0;1;0;0;0
13227;10;0;1;1;2;0;0;0;0;0;0
13228;16;1;4;0;3;0;0;0;0;0;1
13229;11;1;1;0;4;0;0;0;0;0;0
13230;8;1;0;2;0;0;0;0;0;0;0
13231;8;0;1;0;2;0;0;0;0;0;1
13232;8;1;1;1;0;0;0;0;0;0;1
13233;10;1;4;0;2;0;0;0;0;0;1
13234;12;0;0;2;1;0;0;0;0;0;1
13235;8;0;3;0;1;0;0;0;0;0;1
13236;11;1;1;0;2;0;0;0;0;0;0
13237;7;0;3;0;0;0;0;0;0;0;0
13238;12;1;2;0;4;0;0;0;0;0;0
13239;6;1;2;0;0;0;0;0;0;0;0
13240;14;0;0;2;3;0;0;0;0;0;1
13241;16;0;4;0;4;0;0;0;0;0;0
13242;11;0;0;1;2;0;0;0;0;0;0
13243;9;0;0;1;2;0;0;0;0;0;1
13244;11;0;1;1;1;0;0;0;0;0;1
13245;12;0;4;0;4;0;0;0;0;0;0
13246;10;1;1;1;1;0;0;0;0;0;0
13247;6;0;3;0;0;0;0;0;0;0;0
13248;11;0;2;0;2;0;0;0;0;0;1
13249;16;0;3;1;2;0;0;0;0;0;0
13250;9;0;0;1;2;0;1;0;0;0;1
13251;8;0;2;0;0;1;1;0;0;0;0
13252;13;0;2;0;4;0;0;0;0;0;1