"10000",""
"10001",""
"10002",""
"10003",""
"10004",""
"10005",""
"10006",""
"10007","1.0"
"10008",""
"10009",""
"10010",""
"10011",""
"10012","1.0"
"10013",""
"10014",""
"10015",""
"10016","1.0"
"10017","0.0"
"10018",""
"10019",""
"10020","1.0"
"10021",""
"10022",""
"10023",""
"10024","0.0"
"10025",""
"10026",""
"10027",""
"10028",""
"10029","0.0"
"10030",""
"10031",""
"10032","0.0"
"10033","1.0"
"10034",""
"10035",""
"10036",""
"10037",""
"10038","0.0"
"10039",""
"10040",""
"10041",""
"10042","1.0"
"10043","1.0"
"10044",""
"10045",""
"10046",""
"10047","0.0"
"10048","0.0"
"10049","0.5"
"10050",""
"10051","1.0"
"10052","0.0"
"10053",""
"10054",""
"10055",""
"10056","0.0"
"10057",""
"10058",""
"10059",""
"10060","0.5"
"10061",""
"10062",""
"10063","0.0"
"10064",""
"10065",""
"10066",""
"10067","1.0"
"10068",""
"10069",""
"10070","1.0"
"10071",""
"10072",""
"10073","1.0"
"10074",""
"10075",""
"10076",""
"10077",""
"10078","0.0"
"10079",""
"10080",""
"10081","0.0"
"10082",""
"10083","0.0"
"10084",""
"10085","1.0"
"10086",""
"10087",""
"10088",""
"10089",""
"10090",""
"10091","0.0"
"10092",""
"10093",""
"10094",""
"10095",""
"10096","1.0"
"10097","0.0"
"10098",""
"10099",""
"10100",""
"10101",""
"10102",""
"10103",""
"10104",""
"10105",""
"10106",""
"10107","1.0"
"10108",""
"10109",""
"10110","0.0"
"10111",""
"10112",""
"10113",""
"10114",""
"10115",""
"10116",""
"10117",""
"10118",""
"10119","0.0"
"10120",""
"10121","0.0"
"10122",""
"10123","1.0"
"10124","0.0"
"10125","0.0"
"10126","1.0"
"10127",""
"10128",""
"10129",""
"10130","0.0"
"10131",""
"10132","0.0"
"10133","0.0"
"10134",""
"10135",""
"10136","1.0"
"10137",""
"10138",""
"10139",""
"10140","0.0"
"10141",""
"10142",""
"10143",""
"10144",""
"10145",""
"10146",""
"10147",""
"10148",""
"10149",""
"10150",""
"10151",""
"10152",""
"10153",""
"10154",""
"10155","0.0"
"10156",""
"10157",""
"10158",""
"10159","1.0"
"10160",""
"10161","1.0"
"10162","1.0"
"10163",""
"10164",""
"10165",""
"10166",""
"10167",""
"10168",""
"10169",""
"10170",""
"10171","0.0"
"10172",""
"10173","1.0"
"10174","0.0"
"10175",""
"10176","1.0"
"10177",""
"10178","1.0"
"10179",""
"10180",""
"10181","1.0"
"10182",""
"10183","1.0"
"10184","0.0"
"10185","0.0"
"10186",""
"10187","1.0"
"10188",""
"10189","0.0"
"10190","1.0"
"10191","0.0"
"10192",""
"10193",""
"10194",""
"10195",""
"10196","1.0"
"10197",""
"10198",""
"10199",""
"10200",""
"10201",""
"10202",""
"10203",""
"10204","0.0"
"10205",""
"10206","1.0"
"10207",""
"10208",""
"10209",""
"10210",""
"10211","1.0"
"10212",""
"10213",""
"10214",""
"10215",""
"10216",""
"10217","0.0"
"10218",""
"10219","0.0"
"10220",""
"10221",""
"10222","1.0"
"10223","0.0"
"10224",""
"10225",""
"10226",""
"10227","1.0"
"10228",""
"10229",""
"10230",""
"10231",""
"10232",""
"10233",""
"10234","0.0"
"10235",""
"10236",""
"10237","0.0"
"10238",""
"10239",""
"10240",""
"10241",""
"10242",""
"10243",""
"10244",""
"10245","0.0"
"10246","0.0"
"10247",""
"10248","0.0"
"10249",""
"10250","1.0"
"10251","0.0"
"10252",""
"10253",""
"10254",""
"10255",""
"10256","0.5"
"10257","0.0"
"10258",""
"10259",""
"10260",""
"10261",""
"10262",""
"10263","0.0"
"10264",""
"10265","1.0"
"10266","1.0"
"10267",""
"10268",""
"10269",""
"10270",""
"10271",""
"10272",""
"10273","0.0"
"10274","0.0"
"10275",""
"10276","1.0"
"10277","1.0"
"10278","1.0"
"10279",""
"10280",""
"10281",""
"10282",""
"10283","1.0"
"10284",""
"10285",""
"10286",""
"10287",""
"10288",""
"10289","0.0"
"10290",""
"10291","0.0"
"10292","0.0"
"10293",""
"10294",""
"10295",""
"10296",""
"10297",""
"10298",""
"10299","0.0"
"10300",""
"10301",""
"10302","0.0"
"10303",""
"10304",""
"10305",""
"10306",""
"10307","0.0"
"10308","1.0"
"10309",""
"10310","1.0"
"10311","0.0"
"10312",""
"10313",""
"10314",""
"10315",""
"10316",""
"10317","0.0"
"10318","1.0"
"10319",""
"10320","1.0"
"10321","1.0"
"10322",""
"10323","1.0"
"10324",""
"10325",""
"10326",""
"10327",""
"10328",""
"10329",""
"10330",""
"10331","0.0"
"10332",""
"10333","0.5"
"10334","1.0"
"10335",""
"10336","1.0"
"10337","0.0"
"10338",""
"10339",""
"10340","1.0"
"10341",""
"10342",""
"10343",""
"10344",""
"10345","1.0"
"10346",""
"10347",""
"10348",""
"10349","1.0"
"10350",""
"10351",""
"10352",""
"10353",""
"10354",""
"10355",""
"10356",""
"10357",""
"10358","1.0"
"10359","1.0"
"10360",""
"10361",""
"10362",""
"10363","0.0"
"10364",""
"10365","1.0"
"10366","0.0"
"10367","0.0"
"10368",""
"10369","1.0"
"10370",""
"10371",""
"10372",""
"10373",""
"10374","1.0"
"10375",""
"10376",""
"10377",""
"10378",""
"10379",""
"10380",""
"10381",""
"10382","0.0"
"10383",""
"10384",""
"10385",""
"10386","0.0"
"10387","0.0"
"10388","0.0"
"10389",""
"10390",""
"10391",""
"10392",""
"10393",""
"10394",""
"10395",""
"10396",""
"10397","1.0"
"10398",""
"10399","0.0"
"10400","1.0"
"10401",""
"10402",""
"10403",""
"10404","1.0"
"10405","1.0"
"10406",""
"10407",""
"10408",""
"10409",""
"10410",""
"10411","0.0"
"10412",""
"10413",""
"10414","1.0"
"10415","0.0"
"10416",""
"10417",""
"10418",""
"10419",""
"10420",""
"10421",""
"10422",""
"10423",""
"10424",""
"10425",""
"10426",""
"10427",""
"10428",""
"10429",""
"10430",""
"10431",""
"10432","1.0"
"10433",""
"10434",""
"10435",""
"10436",""
"10437",""
"10438",""
"10439",""
"10440",""
"10441",""
"10442",""
"10443",""
"10444",""
"10445","1.0"
"10446",""
"10447","0.0"
"10448",""
"10449","0.0"
"10450",""
"10451",""
"10452",""
"10453","0.0"
"10454",""
"10455","1.0"
"10456",""
"10457",""
"10458",""
"10459",""
"10460",""
"10461",""
"10462","0.0"
"10463",""
"10464",""
"10465",""
"10466",""
"10467",""
"10468","1.0"
"10469",""
"10470",""
"10471","1.0"
"10472",""
"10473","1.0"
"10474",""
"10475",""
"10476",""
"10477",""
"10478",""
"10479","1.0"
"10480","0.0"
"10481",""
"10482",""
"10483",""
"10484",""
"10485",""
"10486",""
"10487","1.0"
"10488","0.0"
"10489",""
"10490","0.0"
"10491","1.0"
"10492",""
"10493",""
"10494",""
"10495",""
"10496",""
"10497",""
"10498",""
"10499",""
"10500",""
"10501","0.0"
"10502",""
"10503","0.0"
"10504","0.0"
"10505",""
"10506",""
"10507","0.0"
"10508",""
"10509","0.0"
"10510",""
"10511",""
"10512","1.0"
"10513","0.0"
"10514","0.0"
"10515",""
"10516","0.0"
"10517",""
"10518","0.0"
"10519",""
"10520","1.0"
"10521",""
"10522",""
"10523","1.0"
"10524",""
"10525",""
"10526",""
"10527",""
"10528",""
"10529",""
"10530",""
"10531",""
"10532",""
"10533",""
"10534","1.0"
"10535",""
"10536","0.0"
"10537",""
"10538",""
"10539",""
"10540",""
"10541",""
"10542",""
"10543",""
"10544",""
"10545","0.0"
"10546","0.0"
"10547","0.0"
"10548",""
"10549",""
"10550",""
"10551","0.0"
"10552",""
"10553",""
"10554",""
"10555","0.0"
"10556",""
"10557",""
"10558",""
"10559","1.0"
"10560",""
"10561",""
"10562",""
"10563","1.0"
"10564",""
"10565","0.0"
"10566",""
"10567","1.0"
"10568","1.0"
"10569","0.0"
"10570",""
"10571",""
"10572",""
"10573",""
"10574","0.0"
"10575",""
"10576",""
"10577",""
"10578",""
"10579",""
"10580",""
"10581","0.0"
"10582","1.0"
"10583",""
"10584",""
"10585",""
"10586","0.0"
"10587","1.0"
"10588","0.0"
"10589",""
"10590",""
"10591",""
"10592","0.0"
"10593","1.0"
"10594","1.0"
"10595","1.0"
"10596",""
"10597","0.0"
"10598","1.0"
"10599",""
"10600",""
"10601","0.0"
"10602",""
"10603",""
"10604",""
"10605",""
"10606",""
"10607",""
"10608",""
"10609",""
"10610","0.0"
"10611",""
"10612",""
"10613",""
"10614",""
"10615",""
"10616",""
"10617",""
"10618",""
"10619",""
"10620","1.0"
"10621",""
"10622","0.0"
"10623",""
"10624",""
"10625","0.0"
"10626",""
"10627",""
"10628","0.0"
"10629","0.0"
"10630",""
"10631",""
"10632",""
"10633","0.0"
"10634",""
"10635","1.0"
"10636","1.0"
"10637",""
"10638","0.0"
"10639",""
"10640","1.0"
"10641",""
"10642",""
"10643",""
"10644",""
"10645",""
"10646",""
"10647",""
"10648",""
"10649",""
"10650",""
"10651",""
"10652",""
"10653",""
"10654","0.0"
"10655","1.0"
"10656",""
"10657",""
"10658","0.0"
"10659",""
"10660",""
"10661",""
"10662","0.0"
"10663",""
"10664",""
"10665",""
"10666",""
"10667","1.0"
"10668",""
"10669","0.0"
"10670",""
"10671","0.0"
"10672",""
"10673",""
"10674",""
"10675",""
"10676","0.0"
"10677",""
"10678","0.0"
"10679",""
"10680",""
"10681",""
"10682",""
"10683","1.0"
"10684",""
"10685",""
"10686",""
"10687",""
"10688",""
"10689",""
"10690","0.0"
"10691",""
"10692",""
"10693",""
"10694",""
"10695","1.0"
"10696","1.0"
"10697",""
"10698",""
"10699",""
"10700",""
"10701","1.0"
"10702",""
"10703",""
"10704","1.0"
"10705",""
"10706",""
"10707","0.0"
"10708",""
"10709","0.0"
"10710",""
"10711",""
"10712","0.0"
"10713",""
"10714","0.0"
"10715","1.0"
"10716",""
"10717",""
"10718",""
"10719",""
"10720",""
"10721",""
"10722",""
"10723",""
"10724",""
"10725",""
"10726",""
"10727",""
"10728",""
"10729","0.0"
"10730","0.0"
"10731",""
"10732",""
"10733",""
"10734","0.0"
"10735",""
"10736","1.0"
"10737",""
"10738","0.0"
"10739","0.0"
"10740","0.0"
"10741",""
"10742",""
"10743",""
"10744","0.0"
"10745","0.0"
"10746","1.0"
"10747",""
"10748","1.0"
"10749","1.0"
"10750",""
"10751",""
"10752","1.0"
"10753",""
"10754",""
"10755",""
"10756","1.0"
"10757",""
"10758",""
"10759","0.0"
"10760","0.0"
"10761","0.0"
"10762",""
"10763",""
"10764","1.0"
"10765",""
"10766",""
"10767","0.0"
"10768","0.0"
"10769",""
"10770",""
"10771","0.0"
"10772",""
"10773",""
"10774",""
"10775",""
"10776",""
"10777","1.0"
"10778","0.0"
"10779",""
"10780","1.0"
"10781",""
"10782","0.0"
"10783",""
"10784","0.0"
"10785","0.0"
"10786","0.0"
"10787",""
"10788",""
"10789","1.0"
"10790",""
"10791","1.0"
"10792",""
"10793",""
"10794","1.0"
"10795",""
"10796",""
"10797",""
"10798","0.0"
"10799","1.0"
"10800",""
"10801",""
"10802","0.0"
"10803","1.0"
"10804","0.0"
"10805",""
"10806","0.0"
"10807",""
"10808","0.0"
"10809",""
"10810",""
"10811",""
"10812","0.0"
"10813",""
"10814","0.0"
"10815",""
"10816","1.0"
"10817",""
"10818",""
"10819",""
"10820","0.0"
"10821",""
"10822",""
"10823",""
"10824","1.0"
"10825",""
"10826","0.0"
"10827",""
"10828",""
"10829","0.0"
"10830",""
"10831",""
"10832","0.0"
"10833","0.0"
"10834",""
"10835",""
"10836",""
"10837","0.0"
"10838","1.0"
"10839",""
"10840",""
"10841",""
"10842","0.0"
"10843","1.0"
"10844",""
"10845",""
"10846",""
"10847",""
"10848",""
"10849",""
"10850","0.0"
"10851","0.0"
"10852","0.0"
"10853",""
"10854","1.0"
"10855",""
"10856",""
"10857",""
"10858","0.0"
"10859","0.0"
"10860",""
"10861","0.0"
"10862","0.0"
"10863","0.0"
"10864",""
"10865","0.0"
"10866",""
"10867","1.0"
"10868","1.0"
"10869",""
"10870","1.0"
"10871","0.5"
"10872",""
"10873",""
"10874",""
"10875",""
"10876",""
"10877","0.0"
"10878","0.5"
"10879","0.0"
"10880","0.0"
"10881",""
"10882",""
"10883",""
"10884","1.0"
"10885",""
"10886",""
"10887",""
"10888",""
"10889",""
"10890",""
"10891","0.0"
"10892",""
"10893",""
"10894",""
"10895","0.0"
"10896",""
"10897",""
"10898","1.0"
"10899","1.0"
"10900","1.0"
"10901",""
"10902","1.0"
"10903",""
"10904","1.0"
"10905","1.0"
"10906",""
"10907",""
"10908",""
"10909",""
"10910",""
"10911",""
"10912",""
"10913","1.0"
"10914",""
"10915",""
"10916",""
"10917","1.0"
"10918","1.0"
"10919",""
"10920","1.0"
"10921",""
"10922","1.0"
"10923",""
"10924",""
"10925",""
"10926","1.0"
"10927","1.0"
"10928","0.0"
"10929",""
"10930",""
"10931",""
"10932",""
"10933","1.0"
"10934",""
"10935",""
"10936",""
"10937",""
"10938",""
"10939",""
"10940","1.0"
"10941",""
"10942","0.0"
"10943","0.0"
"10944","0.0"
"10945","0.0"
"10946","0.0"
"10947","1.0"
"10948","1.0"
"10949",""
"10950","0.0"
"10951",""
"10952",""
"10953","1.0"
"10954","1.0"
"10955",""
"10956",""
"10957",""
"10958",""
"10959",""
"10960",""
"10961",""
"10962","0.0"
"10963","1.0"
"10964",""
"10965",""
"10966","0.0"
"10967",""
"10968",""
"10969",""
"10970",""
"10971",""
"10972",""
"10973",""
"10974",""
"10975",""
"10976",""
"10977",""
"10978","1.0"
"10979",""
"10980","0.0"
"10981","0.5"
"10982",""
"10983",""
"10984",""
"10985",""
"10986",""
"10987",""
"10988",""
"10989",""
"10990","1.0"
"10991","1.0"
"10992",""
"10993",""
"10994",""
"10995",""
"10996",""
"10997",""
"10998",""
"10999",""
"11000",""
"11001","1.0"
"11002","1.0"
"11003",""
"11004","1.0"
"11005",""
"11006",""
"11007","1.0"
"11008",""
"11009","1.0"
"11010","1.0"
"11011",""
"11012","0.0"
"11013",""
"11014","0.0"
"11015",""
"11016","0.0"
"11017",""
"11018",""
"11019",""
"11020",""
"11021",""
"11022",""
"11023","1.0"
"11024","0.0"
"11025",""
"11026","0.0"
"11027",""
"11028","1.0"
"11029",""
"11030","1.0"
"11031","0.0"
"11032",""
"11033",""
"11034",""
"11035","0.5"
"11036",""
"11037",""
"11038",""
"11039",""
"11040",""
"11041",""
"11042",""
"11043",""
"11044","0.0"
"11045",""
"11046",""
"11047",""
"11048",""
"11049",""
"11050",""
"11051",""
"11052",""
"11053","0.0"
"11054",""
"11055",""
"11056",""
"11057","1.0"
"11058",""
"11059",""
"11060",""
"11061","0.0"
"11062",""
"11063",""
"11064",""
"11065",""
"11066",""
"11067","1.0"
"11068","1.0"
"11069",""
"11070","0.0"
"11071",""
"11072","0.0"
"11073",""
"11074",""
"11075",""
"11076","1.0"
"11077",""
"11078",""
"11079",""
"11080","0.0"
"11081",""
"11082","1.0"
"11083",""
"11084","1.0"
"11085",""
"11086","0.0"
"11087","1.0"
"11088","1.0"
"11089","0.0"
"11090","1.0"
"11091","0.3333333333333333"
"11092","0.0"
"11093",""
"11094",""
"11095","0.0"
"11096",""
"11097",""
"11098",""
"11099",""
"11100",""
"11101","1.0"
"11102",""
"11103",""
"11104","0.0"
"11105",""
"11106",""
"11107","1.0"
"11108",""
"11109","1.0"
"11110","0.0"
"11111",""
"11112",""
"11113",""
"11114",""
"11115",""
"11116",""
"11117",""
"11118",""
"11119",""
"11120",""
"11121",""
"11122",""
"11123",""
"11124",""
"11125","1.0"
"11126",""
"11127",""
"11128",""
"11129","0.0"
"11130","1.0"
"11131",""
"11132","0.0"
"11133",""
"11134",""
"11135",""
"11136","0.0"
"11137","1.0"
"11138","0.0"
"11139","0.0"
"11140",""
"11141",""
"11142",""
"11143",""
"11144","0.0"
"11145","0.0"
"11146",""
"11147","1.0"
"11148","1.0"
"11149",""
"11150",""
"11151","0.0"
"11152",""
"11153",""
"11154",""
"11155",""
"11156","0.0"
"11157",""
"11158",""
"11159",""
"11160","0.5"
"11161",""
"11162","1.0"
"11163",""
"11164","1.0"
"11165",""
"11166",""
"11167",""
"11168",""
"11169","0.0"
"11170",""
"11171",""
"11172",""
"11173",""
"11174",""
"11175",""
"11176",""
"11177",""
"11178",""
"11179",""
"11180",""
"11181",""
"11182","0.0"
"11183",""
"11184",""
"11185",""
"11186",""
"11187","0.0"
"11188",""
"11189",""
"11190","0.0"
"11191",""
"11192","0.0"
"11193",""
"11194","1.0"
"11195",""
"11196","1.0"
"11197","0.0"
"11198",""
"11199",""
"11200",""
"11201",""
"11202",""
"11203","1.0"
"11204","0.0"
"11205","1.0"
"11206","0.0"
"11207","1.0"
"11208","1.0"
"11209",""
"11210",""
"11211","1.0"
"11212",""
"11213","0.0"
"11214","0.0"
"11215",""
"11216","1.0"
"11217","1.0"
"11218","0.0"
"11219","1.0"
"11220",""
"11221",""
"11222","0.0"
"11223","1.0"
"11224",""
"11225",""
"11226","0.0"
"11227","0.0"
"11228",""
"11229",""
"11230",""
"11231","0.0"
"11232",""
"11233","0.0"
"11234",""
"11235",""
"11236",""
"11237",""
"11238","1.0"
"11239",""
"11240",""
"11241",""
"11242",""
"11243",""
"11244","0.0"
"11245",""
"11246",""
"11247","1.0"
"11248",""
"11249","1.0"
"11250",""
"11251",""
"11252",""
"11253",""
"11254","0.0"
"11255","1.0"
"11256","1.0"
"11257","0.0"
"11258","1.0"
"11259","1.0"
"11260","0.0"
"11261",""
"11262",""
"11263",""
"11264",""
"11265","0.0"
"11266",""
"11267","1.0"
"11268","1.0"
"11269","1.0"
"11270","0.0"
"11271",""
"11272",""
"11273",""
"11274","1.0"
"11275",""
"11276",""
"11277",""
"11278",""
"11279","0.0"
"11280",""
"11281",""
"11282",""
"11283",""
"11284",""
"11285",""
"11286","1.0"
"11287",""
"11288","0.0"
"11289",""
"11290",""
"11291","1.0"
"11292",""
"11293",""
"11294",""
"11295",""
"11296",""
"11297","1.0"
"11298",""
"11299",""
"11300",""
"11301",""
"11302",""
"11303","0.0"
"11304",""
"11305","0.0"
"11306","1.0"
"11307",""
"11308",""
"11309",""
"11310",""
"11311","0.0"
"11312",""
"11313",""
"11314",""
"11315","0.0"
"11316",""
"11317",""
"11318","0.0"
"11319",""
"11320",""
"11321",""
"11322",""
"11323",""
"11324","0.0"
"11325",""
"11326",""
"11327","0.0"
"11328",""
"11329","0.5"
"11330",""
"11331","0.0"
"11332","0.0"
"11333","0.0"
"11334",""
"11335","1.0"
"11336",""
"11337",""
"11338","0.0"
"11339",""
"11340",""
"11341",""
"11342",""
"11343","0.0"
"11344",""
"11345",""
"11346",""
"11347",""
"11348",""
"11349",""
"11350",""
"11351","0.0"
"11352",""
"11353",""
"11354",""
"11355",""
"11356","1.0"
"11357",""
"11358","1.0"
"11359",""
"11360",""
"11361","0.0"
"11362",""
"11363","1.0"
"11364",""
"11365","1.0"
"11366",""
"11367",""
"11368",""
"11369",""
"11370",""
"11371","1.0"
"11372",""
"11373",""
"11374",""
"11375","1.0"
"11376",""
"11377",""
"11378",""
"11379",""
"11380","1.0"
"11381",""
"11382","1.0"
"11383","0.0"
"11384","0.0"
"11385",""
"11386",""
"11387",""
"11388",""
"11389","0.0"
"11390",""
"11391",""
"11392",""
"11393","1.0"
"11394",""
"11395","1.0"
"11396","0.0"
"11397",""
"11398","0.0"
"11399","1.0"
"11400",""
"11401",""
"11402",""
"11403",""
"11404","1.0"
"11405",""
"11406",""
"11407",""
"11408","1.0"
"11409",""
"11410",""
"11411","0.0"
"11412","0.0"
"11413",""
"11414",""
"11415","0.0"
"11416","0.0"
"11417",""
"11418",""
"11419","1.0"
"11420","0.0"
"11421",""
"11422",""
"11423","0.0"
"11424","0.0"
"11425",""
"11426",""
"11427",""
"11428","1.0"
"11429",""
"11430",""
"11431","1.0"
"11432",""
"11433",""
"11434",""
"11435","0.0"
"11436","0.0"
"11437",""
"11438","0.0"
"11439",""
"11440",""
"11441",""
"11442",""
"11443",""
"11444","0.0"
"11445",""
"11446",""
"11447",""
"11448",""
"11449",""
"11450",""
"11451","0.0"
"11452",""
"11453",""
"11454","1.0"
"11455",""
"11456",""
"11457","0.0"
"11458",""
"11459",""
"11460",""
"11461","1.0"
"11462",""
"11463",""
"11464",""
"11465",""
"11466",""
"11467",""
"11468","0.0"
"11469",""
"11470",""
"11471",""
"11472",""
"11473",""
"11474","0.0"
"11475","1.0"
"11476",""
"11477","0.0"
"11478",""
"11479",""
"11480","0.0"
"11481",""
"11482",""
"11483","0.0"
"11484",""
"11485",""
"11486",""
"11487",""
"11488",""
"11489","0.0"
"11490",""
"11491",""
"11492","1.0"
"11493","1.0"
"11494",""
"11495",""
"11496",""
"11497","0.5"
"11498",""
"11499",""
"11500",""
"11501",""
"11502","0.5"
"11503","1.0"
"11504",""
"11505","0.0"
"11506",""
"11507","1.0"
"11508","1.0"
"11509",""
"11510","0.5"
"11511",""
"11512","1.0"
"11513",""
"11514",""
"11515",""
"11516","0.0"
"11517",""
"11518",""
"11519","1.0"
"11520","0.0"
"11521",""
"11522",""
"11523",""
"11524",""
"11525","0.0"
"11526",""
"11527",""
"11528","0.0"
"11529",""
"11530",""
"11531","0.0"
"11532",""
"11533",""
"11534",""
"11535","0.0"
"11536",""
"11537",""
"11538",""
"11539",""
"11540","1.0"
"11541",""
"11542",""
"11543",""
"11544",""
"11545",""
"11546",""
"11547",""
"11548","0.0"
"11549",""
"11550",""
"11551","0.0"
"11552",""
"11553",""
"11554","0.0"
"11555",""
"11556",""
"11557",""
"11558","1.0"
"11559","0.0"
"11560",""
"11561",""
"11562",""
"11563","0.0"
"11564",""
"11565",""
"11566","0.0"
"11567","0.0"
"11568",""
"11569",""
"11570",""
"11571","0.0"
"11572","0.0"
"11573","0.5"
"11574","1.0"
"11575",""
"11576","1.0"
"11577","0.0"
"11578","1.0"
"11579","0.0"
"11580","0.5"
"11581",""
"11582",""
"11583",""
"11584",""
"11585","1.0"
"11586",""
"11587",""
"11588",""
"11589",""
"11590",""
"11591","0.0"
"11592",""
"11593",""
"11594",""
"11595",""
"11596","1.0"
"11597",""
"11598",""
"11599",""
"11600",""
"11601",""
"11602",""
"11603","1.0"
"11604",""
"11605","0.0"
"11606",""
"11607",""
"11608",""
"11609","1.0"
"11610",""
"11611",""
"11612",""
"11613",""
"11614","0.0"
"11615",""
"11616",""
"11617",""
"11618",""
"11619","0.0"
"11620","0.0"
"11621",""
"11622",""
"11623",""
"11624",""
"11625",""
"11626",""
"11627",""
"11628",""
"11629",""
"11630",""
"11631",""
"11632",""
"11633",""
"11634","1.0"
"11635",""
"11636",""
"11637",""
"11638",""
"11639","0.0"
"11640",""
"11641","1.0"
"11642","0.0"
"11643","1.0"
"11644",""
"11645",""
"11646",""
"11647",""
"11648",""
"11649",""
"11650","0.0"
"11651",""
"11652",""
"11653","0.0"
"11654","1.0"
"11655",""
"11656",""
"11657",""
"11658","0.0"
"11659",""
"11660","1.0"
"11661","0.0"
"11662",""
"11663","1.0"
"11664","0.0"
"11665",""
"11666","1.0"
"11667","1.0"
"11668",""
"11669",""
"11670","1.0"
"11671",""
"11672",""
"11673",""
"11674",""
"11675",""
"11676",""
"11677","1.0"
"11678",""
"11679","0.0"
"11680",""
"11681",""
"11682","0.0"
"11683",""
"11684",""
"11685",""
"11686",""
"11687",""
"11688",""
"11689",""
"11690",""
"11691","0.0"
"11692",""
"11693",""
"11694","0.0"
"11695",""
"11696",""
"11697","1.0"
"11698",""
"11699",""
"11700",""
"11701",""
"11702",""
"11703","1.0"
"11704","0.0"
"11705",""
"11706",""
"11707",""
"11708",""
"11709","1.0"
"11710","1.0"
"11711",""
"11712","0.0"
"11713","1.0"
"11714","0.0"
"11715",""
"11716","0.5"
"11717",""
"11718",""
"11719","0.0"
"11720","1.0"
"11721",""
"11722","1.0"
"11723",""
"11724",""
"11725",""
"11726",""
"11727",""
"11728",""
"11729","1.0"
"11730",""
"11731",""
"11732",""
"11733",""
"11734",""
"11735",""
"11736",""
"11737",""
"11738",""
"11739","0.0"
"11740",""
"11741",""
"11742","1.0"
"11743",""
"11744",""
"11745",""
"11746","0.0"
"11747",""
"11748",""
"11749",""
"11750",""
"11751",""
"11752","0.0"
"11753",""
"11754",""
"11755",""
"11756",""
"11757","0.0"
"11758",""
"11759","1.0"
"11760","0.0"
"11761",""
"11762",""
"11763",""
"11764","1.0"
"11765","0.0"
"11766","1.0"
"11767",""
"11768",""
"11769",""
"11770","0.0"
"11771","0.0"
"11772",""
"11773","0.0"
"11774",""
"11775","1.0"
"11776","1.0"
"11777",""
"11778",""
"11779","0.0"
"11780","1.0"
"11781",""
"11782","0.0"
"11783",""
"11784",""
"11785",""
"11786",""
"11787","0.0"
"11788","0.0"
"11789","1.0"
"11790",""
"11791",""
"11792","0.0"
"11793",""
"11794",""
"11795","0.0"
"11796",""
"11797","1.0"
"11798",""
"11799",""
"11800","0.0"
"11801","1.0"
"11802",""
"11803",""
"11804",""
"11805",""
"11806",""
"11807","0.0"
"11808","0.0"
"11809",""
"11810",""
"11811","0.0"
"11812",""
"11813",""
"11814","1.0"
"11815",""
"11816","1.0"
"11817","0.0"
"11818","0.0"
"11819",""
"11820",""
"11821",""
"11822",""
"11823",""
"11824",""
"11825","1.0"
"11826",""
"11827","0.0"
"11828",""
"11829",""
"11830",""
"11831",""
"11832","1.0"
"11833",""
"11834","1.0"
"11835",""
"11836",""
"11837","1.0"
"11838",""
"11839",""
"11840",""
"11841",""
"11842",""
"11843",""
"11844",""
"11845",""
"11846",""
"11847","0.0"
"11848",""
"11849",""
"11850",""
"11851",""
"11852",""
"11853",""
"11854",""
"11855","0.0"
"11856","1.0"
"11857",""
"11858",""
"11859","1.0"
"11860","0.0"
"11861","0.0"
"11862","0.0"
"11863",""
"11864","0.0"
"11865",""
"11866","1.0"
"11867",""
"11868",""
"11869","0.0"
"11870","1.0"
"11871",""
"11872",""
"11873","0.0"
"11874","1.0"
"11875","0.0"
"11876","0.5"
"11877","1.0"
"11878","1.0"
"11879","1.0"
"11880","1.0"
"11881",""
"11882",""
"11883",""
"11884",""
"11885",""
"11886",""
"11887",""
"11888",""
"11889",""
"11890",""
"11891",""
"11892",""
"11893",""
"11894","0.0"
"11895",""
"11896",""
"11897",""
"11898","1.0"
"11899",""
"11900",""
"11901",""
"11902","0.0"
"11903",""
"11904",""
"11905",""
"11906",""
"11907","0.0"
"11908",""
"11909","0.0"
"11910","1.0"
"11911",""
"11912",""
"11913",""
"11914","0.0"
"11915",""
"11916",""
"11917",""
"11918",""
"11919","1.0"
"11920",""
"11921",""
"11922","0.0"
"11923",""
"11924",""
"11925",""
"11926",""
"11927",""
"11928",""
"11929",""
"11930","0.0"
"11931","1.0"
"11932","0.0"
"11933",""
"11934",""
"11935",""
"11936","0.0"
"11937","0.0"
"11938",""
"11939","0.0"
"11940",""
"11941","0.0"
"11942",""
"11943","0.0"
"11944","0.0"
"11945",""
"11946","0.0"
"11947","1.0"
"11948",""
"11949","0.0"
"11950","0.0"
"11951","1.0"
"11952",""
"11953",""
"11954",""
"11955",""
"11956",""
"11957",""
"11958",""
"11959","0.0"
"11960","1.0"
"11961",""
"11962",""
"11963",""
"11964",""
"11965",""
"11966",""
"11967","1.0"
"11968",""
"11969",""
"11970","0.5"
"11971",""
"11972",""
"11973","0.0"
"11974",""
"11975",""
"11976","0.0"
"11977",""
"11978",""
"11979","0.0"
"11980",""
"11981",""
"11982",""
"11983",""
"11984",""
"11985",""
"11986","0.0"
"11987",""
"11988",""
"11989",""
"11990",""
"11991",""
"11992",""
"11993",""
"11994","1.0"
"11995",""
"11996","0.5"
"11997",""
"11998",""
"11999","1.0"
"12000","0.0"
"12001",""
"12002",""
"12003",""
"12004","0.0"
"12005","1.0"
"12006",""
"12007",""
"12008",""
"12009",""
"12010",""
"12011",""
"12012",""
"12013",""
"12014",""
"12015","1.0"
"12016","0.0"
"12017",""
"12018","0.0"
"12019",""
"12020",""
"12021",""
"12022",""
"12023","1.0"
"12024",""
"12025","1.0"
"12026","1.0"
"12027",""
"12028",""
"12029",""
"12030","0.0"
"12031",""
"12032","0.0"
"12033",""
"12034",""
"12035",""
"12036",""
"12037","0.5"
"12038",""
"12039",""
"12040","0.0"
"12041",""
"12042",""
"12043",""
"12044",""
"12045",""
"12046","1.0"
"12047",""
"12048","0.0"
"12049",""
"12050",""
"12051","0.0"
"12052",""
"12053",""
"12054","0.0"
"12055",""
"12056",""
"12057",""
"12058",""
"12059",""
"12060",""
"12061",""
"12062",""
"12063","0.0"
"12064",""
"12065",""
"12066",""
"12067",""
"12068",""
"12069",""
"12070",""
"12071","1.0"
"12072","0.0"
"12073","0.0"
"12074","1.0"
"12075",""
"12076","1.0"
"12077",""
"12078",""
"12079",""
"12080","1.0"
"12081","0.0"
"12082",""
"12083",""
"12084",""
"12085",""
"12086",""
"12087","1.0"
"12088","0.0"
"12089",""
"12090","0.0"
"12091",""
"12092",""
"12093","1.0"
"12094","1.0"
"12095",""
"12096",""
"12097",""
"12098",""
"12099","0.0"
"12100",""
"12101",""
"12102","1.0"
"12103","0.0"
"12104","1.0"
"12105","1.0"
"12106",""
"12107","0.3333333333333333"
"12108",""
"12109",""
"12110",""
"12111","1.0"
"12112",""
"12113",""
"12114",""
"12115",""
"12116",""
"12117",""
"12118",""
"12119","1.0"
"12120",""
"12121",""
"12122",""
"12123",""
"12124","0.0"
"12125","0.0"
"12126",""
"12127","0.0"
"12128",""
"12129",""
"12130","1.0"
"12131",""
"12132","1.0"
"12133",""
"12134",""
"12135","0.0"
"12136",""
"12137",""
"12138",""
"12139",""
"12140",""
"12141","0.0"
"12142",""
"12143","0.0"
"12144",""
"12145","0.0"
"12146",""
"12147",""
"12148",""
"12149",""
"12150",""
"12151",""
"12152","1.0"
"12153",""
"12154","0.0"
"12155","0.0"
"12156",""
"12157","0.0"
"12158","1.0"
"12159",""
"12160",""
"12161","1.0"
"12162",""
"12163","1.0"
"12164","0.0"
"12165","0.0"
"12166",""
"12167",""
"12168","0.0"
"12169","0.0"
"12170",""
"12171",""
"12172",""
"12173",""
"12174",""
"12175",""
"12176","1.0"
"12177","0.0"
"12178",""
"12179","0.0"
"12180","0.0"
"12181","1.0"
"12182",""
"12183",""
"12184","1.0"
"12185",""
"12186",""
"12187",""
"12188",""
"12189",""
"12190",""
"12191",""
"12192",""
"12193",""
"12194",""
"12195","0.0"
"12196","1.0"
"12197",""
"12198","0.0"
"12199",""
"12200",""
"12201",""
"12202",""
"12203",""
"12204",""
"12205",""
"12206","1.0"
"12207","1.0"
"12208","0.0"
"12209",""
"12210","0.0"
"12211","0.0"
"12212",""
"12213",""
"12214",""
"12215",""
"12216","0.0"
"12217",""
"12218","0.0"
"12219","0.0"
"12220",""
"12221",""
"12222","0.0"
"12223",""
"12224",""
"12225",""
"12226",""
"12227","0.0"
"12228",""
"12229",""
"12230",""
"12231",""
"12232","0.0"
"12233",""
"12234","0.0"
"12235",""
"12236",""
"12237","1.0"
"12238",""
"12239",""
"12240",""
"12241",""
"12242",""
"12243",""
"12244","1.0"
"12245","0.0"
"12246","0.0"
"12247","0.0"
"12248","1.0"
"12249",""
"12250","0.0"
"12251",""
"12252","0.0"
"12253",""
"12254","0.0"
"12255",""
"12256","0.0"
"12257",""
"12258",""
"12259",""
"12260","1.0"
"12261","0.0"
"12262",""
"12263","1.0"
"12264",""
"12265",""
"12266",""
"12267","0.0"
"12268",""
"12269",""
"12270",""
"12271",""
"12272","1.0"
"12273","1.0"
"12274",""
"12275",""
"12276",""
"12277",""
"12278","1.0"
"12279",""
"12280",""
"12281","0.0"
"12282","1.0"
"12283",""
"12284",""
"12285",""
"12286",""
"12287","0.0"
"12288","0.0"
"12289",""
"12290",""
"12291",""
"12292","0.0"
"12293",""
"12294","0.0"
"12295","0.0"
"12296",""
"12297","0.0"
"12298",""
"12299",""
"12300",""
"12301",""
"12302","1.0"
"12303","0.0"
"12304","1.0"
"12305",""
"12306",""
"12307",""
"12308",""
"12309",""
"12310",""
"12311",""
"12312",""
"12313",""
"12314",""
"12315",""
"12316","1.0"
"12317",""
"12318",""
"12319",""
"12320",""
"12321",""
"12322",""
"12323",""
"12324",""
"12325","1.0"
"12326",""
"12327","1.0"
"12328",""
"12329","1.0"
"12330",""
"12331","1.0"
"12332",""
"12333",""
"12334",""
"12335","0.0"
"12336",""
"12337",""
"12338","0.0"
"12339",""
"12340",""
"12341",""
"12342","1.0"
"12343","0.0"
"12344",""
"12345",""
"12346","0.0"
"12347",""
"12348",""
"12349","1.0"
"12350","0.0"
"12351","0.0"
"12352",""
"12353","1.0"
"12354",""
"12355",""
"12356",""
"12357","0.0"
"12358","1.0"
"12359",""
"12360",""
"12361",""
"12362",""
"12363",""
"12364",""
"12365",""
"12366",""
"12367","1.0"
"12368","1.0"
"12369",""
"12370",""
"12371",""
"12372","0.0"
"12373",""
"12374",""
"12375",""
"12376","0.0"
"12377",""
"12378","1.0"
"12379","1.0"
"12380","1.0"
"12381","0.0"
"12382",""
"12383",""
"12384","1.0"
"12385",""
"12386",""
"12387","0.0"
"12388","0.0"
"12389","1.0"
"12390",""
"12391",""
"12392",""
"12393",""
"12394","1.0"
"12395","0.0"
"12396","1.0"
"12397",""
"12398","1.0"
"12399",""
"12400",""
"12401","0.0"
"12402",""
"12403",""
"12404","1.0"
"12405",""
"12406","0.0"
"12407","0.0"
"12408",""
"12409",""
"12410",""
"12411","0.0"
"12412",""
"12413","1.0"
"12414","1.0"
"12415",""
"12416",""
"12417",""
"12418",""
"12419","0.0"
"12420",""
"12421","0.0"
"12422",""
"12423",""
"12424","0.0"
"12425","0.0"
"12426",""
"12427",""
"12428",""
"12429","0.0"
"12430","1.0"
"12431",""
"12432","1.0"
"12433",""
"12434",""
"12435","0.0"
"12436",""
"12437",""
"12438","0.0"
"12439",""
"12440","1.0"
"12441",""
"12442",""
"12443",""
"12444",""
"12445",""
"12446","0.0"
"12447","0.0"
"12448","0.0"
"12449",""
"12450",""
"12451",""
"12452",""
"12453",""
"12454","0.0"
"12455","0.0"
"12456",""
"12457",""
"12458",""
"12459","0.0"
"12460",""
"12461",""
"12462","1.0"
"12463",""
"12464",""
"12465","1.0"
"12466",""
"12467",""
"12468",""
"12469",""
"12470","0.0"
"12471","0.0"
"12472",""
"12473",""
"12474",""
"12475",""
"12476",""
"12477",""
"12478","1.0"
"12479","0.0"
"12480","0.0"
"12481","0.0"
"12482",""
"12483","1.0"
"12484","0.0"
"12485","0.0"
"12486","0.0"
"12487",""
"12488",""
"12489",""
"12490","1.0"
"12491",""
"12492",""
"12493",""
"12494",""
"12495","0.0"
"12496","1.0"
"12497","1.0"
"12498",""
"12499",""
"12500","0.0"
"12501",""
"12502",""
"12503",""
"12504",""
"12505","0.0"
"12506",""
"12507",""
"12508",""
"12509",""
"12510",""
"12511",""
"12512","1.0"
"12513","0.0"
"12514",""
"12515","0.0"
"12516",""
"12517",""
"12518","0.0"
"12519",""
"12520","0.0"
"12521",""
"12522",""
"12523","0.0"
"12524",""
"12525","0.0"
"12526",""
"12527",""
"12528",""
"12529","0.0"
"12530","0.0"
"12531",""
"12532",""
"12533",""
"12534",""
"12535","0.0"
"12536",""
"12537",""
"12538",""
"12539",""
"12540",""
"12541",""
"12542",""
"12543","0.0"
"12544",""
"12545",""
"12546",""
"12547",""
"12548","0.0"
"12549",""
"12550",""
"12551","0.0"
"12552",""
"12553",""
"12554","1.0"
"12555",""
"12556",""
"12557",""
"12558",""
"12559",""
"12560","0.0"
"12561",""
"12562","1.0"
"12563",""
"12564",""
"12565","0.0"
"12566",""
"12567",""
"12568",""
"12569",""
"12570",""
"12571",""
"12572",""
"12573",""
"12574",""
"12575",""
"12576",""
"12577","1.0"
"12578",""
"12579","1.0"
"12580","1.0"
"12581",""
"12582",""
"12583","1.0"
"12584",""
"12585","1.0"
"12586",""
"12587",""
"12588","0.0"
"12589","0.0"
"12590","1.0"
"12591",""
"12592","1.0"
"12593","0.0"
"12594",""
"12595","0.0"
"12596",""
"12597","0.0"
"12598","1.0"
"12599",""
"12600",""
"12601",""
"12602",""
"12603",""
"12604",""
"12605","0.0"
"12606","0.0"
"12607","0.0"
"12608",""
"12609",""
"12610",""
"12611","0.0"
"12612","1.0"
"12613",""
"12614",""
"12615","0.0"
"12616",""
"12617",""
"12618",""
"12619",""
"12620",""
"12621",""
"12622",""
"12623",""
"12624",""
"12625",""
"12626",""
"12627",""
"12628",""
"12629","0.0"
"12630","0.0"
"12631","0.0"
"12632","1.0"
"12633",""
"12634",""
"12635","0.0"
"12636",""
"12637","0.0"
"12638",""
"12639","0.0"
"12640",""
"12641","0.0"
"12642",""
"12643",""
"12644","1.0"
"12645",""
"12646",""
"12647",""
"12648",""
"12649",""
"12650","1.0"
"12651",""
"12652",""
"12653",""
"12654",""
"12655",""
"12656",""
"12657","0.0"
"12658",""
"12659","0.0"
"12660",""
"12661","1.0"
"12662",""
"12663",""
"12664","0.0"
"12665",""
"12666",""
"12667",""
"12668",""
"12669","0.0"
"12670",""
"12671",""
"12672",""
"12673","1.0"
"12674",""
"12675",""
"12676","0.0"
"12677","0.0"
"12678",""
"12679","0.6666666666666666"
"12680",""
"12681",""
"12682","0.0"
"12683",""
"12684","0.0"
"12685",""
"12686",""
"12687",""
"12688",""
"12689",""
"12690","1.0"
"12691",""
"12692",""
"12693",""
"12694",""
"12695",""
"12696",""
"12697",""
"12698","0.0"
"12699",""
"12700","0.0"
"12701",""
"12702",""
"12703",""
"12704","1.0"
"12705","1.0"
"12706",""
"12707",""
"12708","0.0"
"12709",""
"12710",""
"12711",""
"12712","1.0"
"12713","0.0"
"12714","0.0"
"12715",""
"12716",""
"12717","0.0"
"12718",""
"12719","0.0"
"12720",""
"12721","0.0"
"12722","1.0"
"12723","0.0"
"12724",""
"12725",""
"12726",""
"12727",""
"12728",""
"12729","1.0"
"12730",""
"12731","1.0"
"12732",""
"12733","1.0"
"12734",""
"12735","0.5"
"12736","0.0"
"12737","1.0"
"12738","0.0"
"12739","0.0"
"12740",""
"12741",""
"12742","0.0"
"12743","1.0"
"12744",""
"12745","0.0"
"12746","0.0"
"12747",""
"12748",""
"12749","0.0"
"12750",""
"12751",""
"12752",""
"12753",""
"12754",""
"12755","0.0"
"12756",""
"12757",""
"12758","1.0"
"12759",""
"12760",""
"12761","0.5"
"12762","0.0"
"12763",""
"12764",""
"12765",""
"12766",""
"12767","0.0"
"12768","0.0"
"12769",""
"12770","0.0"
"12771",""
"12772",""
"12773",""
"12774",""
"12775",""
"12776",""
"12777",""
"12778","0.0"
"12779",""
"12780",""
"12781","1.0"
"12782",""
"12783",""
"12784",""
"12785","0.0"
"12786","1.0"
"12787",""
"12788","0.0"
"12789",""
"12790",""
"12791","0.0"
"12792",""
"12793",""
"12794","1.0"
"12795","1.0"
"12796",""
"12797","1.0"
"12798","0.0"
"12799","0.0"
"12800",""
"12801","0.0"
"12802",""
"12803",""
"12804","1.0"
"12805",""
"12806",""
"12807",""
"12808",""
"12809","0.5"
"12810","0.0"
"12811","0.0"
"12812","0.5"
"12813",""
"12814",""
"12815",""
"12816",""
"12817",""
"12818",""
"12819","0.0"
"12820","0.0"
"12821",""
"12822",""
"12823","0.0"
"12824",""
"12825",""
"12826",""
"12827","1.0"
"12828","0.0"
"12829",""
"12830",""
"12831",""
"12832","0.0"
"12833",""
"12834",""
"12835","0.0"
"12836",""
"12837",""
"12838",""
"12839",""
"12840","0.0"
"12841",""
"12842","0.3333333333333333"
"12843",""
"12844",""
"12845",""
"12846",""
"12847","0.0"
"12848",""
"12849",""
"12850",""
"12851",""
"12852","1.0"
"12853",""
"12854",""
"12855",""
"12856","0.0"
"12857",""
"12858","0.0"
"12859",""
"12860","1.0"
"12861",""
"12862","0.0"
"12863","1.0"
"12864","1.0"
"12865",""
"12866",""
"12867",""
"12868",""
"12869","0.0"
"12870","0.0"
"12871",""
"12872",""
"12873",""
"12874",""
"12875","1.0"
"12876","1.0"
"12877","0.0"
"12878","0.0"
"12879","1.0"
"12880",""
"12881","0.0"
"12882","1.0"
"12883",""
"12884",""
"12885","0.0"
"12886","0.0"
"12887","0.0"
"12888","0.0"
"12889","0.0"
"12890",""
"12891",""
"12892",""
"12893",""
"12894",""
"12895",""
"12896","1.0"
"12897",""
"12898",""
"12899",""
"12900",""
"12901",""
"12902",""
"12903","1.0"
"12904",""
"12905","0.0"
"12906",""
"12907","0.0"
"12908","0.0"
"12909",""
"12910","0.0"
"12911","0.0"
"12912",""
"12913",""
"12914",""
"12915","1.0"
"12916","1.0"
"12917","0.0"
"12918",""
"12919","0.0"
"12920",""
"12921",""
"12922",""
"12923","0.0"
"12924","1.0"
"12925","0.0"
"12926",""
"12927",""
"12928","0.0"
"12929",""
"12930",""
"12931","0.0"
"12932","1.0"
"12933","1.0"
"12934",""
"12935",""
"12936",""
"12937","1.0"
"12938",""
"12939",""
"12940","0.0"
"12941",""
"12942",""
"12943","1.0"
"12944","0.0"
"12945",""
"12946",""
"12947",""
"12948",""
"12949","0.0"
"12950","0.0"
"12951",""
"12952",""
"12953",""
"12954","0.0"
"12955","0.0"
"12956",""
"12957","0.0"
"12958",""
"12959",""
"12960","0.0"
"12961",""
"12962","0.0"
"12963",""
"12964",""
"12965","0.0"
"12966",""
"12967",""
"12968",""
"12969",""
"12970",""
"12971",""
"12972",""
"12973",""
"12974",""
"12975","0.0"
"12976","0.0"
"12977",""
"12978",""
"12979",""
"12980",""
"12981",""
"12982",""
"12983",""
"12984","0.0"
"12985",""
"12986",""
"12987",""
"12988",""
"12989",""
"12990","0.0"
"12991",""
"12992",""
"12993",""
"12994",""
"12995",""
"12996","1.0"
"12997",""
"12998",""
"12999",""
"13000",""
"13001","1.0"
"13002",""
"13003",""
"13004",""
"13005",""
"13006",""
"13007",""
"13008",""
"13009",""
"13010","0.0"
"13011",""
"13012",""
"13013",""
"13014","0.0"
"13015","0.0"
"13016",""
"13017",""
"13018",""
"13019",""
"13020",""
"13021",""
"13022",""
"13023","0.5"
"13024","1.0"
"13025",""
"13026","0.0"
"13027","0.0"
"13028",""
"13029",""
"13030",""
"13031",""
"13032",""
"13033",""
"13034",""
"13035",""
"13036",""
"13037",""
"13038","1.0"
"13039",""
"13040",""
"13041",""
"13042",""
"13043","0.0"
"13044",""
"13045",""
"13046","0.0"
"13047",""
"13048",""
"13049",""
"13050",""
"13051",""
"13052",""
"13053",""
"13054",""
"13055","0.0"
"13056",""
"13057","0.0"
"13058",""
"13059",""
"13060",""
"13061","0.5"
"13062",""
"13063","0.0"
"13064",""
"13065",""
"13066",""
"13067",""
"13068",""
"13069",""
"13070",""
"13071",""
"13072",""
"13073",""
"13074","1.0"
"13075","0.0"
"13076","0.0"
"13077",""
"13078",""
"13079","1.0"
"13080","0.0"
"13081",""
"13082",""
"13083",""
"13084",""
"13085",""
"13086","0.0"
"13087",""
"13088","1.0"
"13089","0.0"
"13090","1.0"
"13091",""
"13092",""
"13093",""
"13094",""
"13095",""
"13096",""
"13097",""
"13098",""
"13099","0.0"
"13100",""
"13101","1.0"
"13102",""
"13103",""
"13104",""
"13105",""
"13106","0.0"
"13107","1.0"
"13108",""
"13109",""
"13110",""
"13111",""
"13112",""
"13113","0.0"
"13114","0.0"
"13115",""
"13116",""
"13117",""
"13118","0.0"
"13119",""
"13120",""
"13121",""
"13122",""
"13123","0.5"
"13124",""
"13125",""
"13126",""
"13127","0.0"
"13128","1.0"
"13129",""
"13130",""
"13131",""
"13132",""
"13133",""
"13134",""
"13135",""
"13136",""
"13137",""
"13138",""
"13139",""
"13140",""
"13141",""
"13142",""
"13143",""
"13144",""
"13145",""
"13146",""
"13147","0.0"
"13148",""
"13149",""
"13150",""
"13151",""
"13152",""
"13153","0.0"
"13154",""
"13155",""
"13156",""
"13157","0.0"
"13158",""
"13159",""
"13160",""
"13161","0.5"
"13162",""
"13163","0.0"
"13164",""
"13165","0.0"
"13166",""
"13167",""
"13168",""
"13169","0.0"
"13170",""
"13171",""
"13172",""
"13173",""
"13174",""
"13175","0.0"
"13176",""
"13177",""
"13178","1.0"
"13179",""
"13180",""
"13181","0.0"
"13182",""
"13183",""
"13184",""
"13185",""
"13186","0.0"
"13187",""
"13188",""
"13189",""
"13190",""
"13191","1.0"
"13192","1.0"
"13193",""
"13194",""
"13195",""
"13196",""
"13197",""
"13198",""
"13199",""
"13200",""
"13201",""
"13202","1.0"
"13203",""
"13204","0.0"
"13205",""
"13206",""
"13207",""
"13208",""
"13209","0.0"
"13210",""
"13211",""
"13212","0.5"
"13213",""
"13214",""
"13215",""
"13216","0.0"
"13217",""
"13218","0.0"
"13219",""
"13220","0.0"
"13221",""
"13222","0.0"
"13223",""
"13224","1.0"
"13225",""
"13226",""
"13227",""
"13228",""
"13229","0.0"
"13230",""
"13231","0.0"
"13232",""
"13233","1.0"
"13234","1.0"
"13235","1.0"
"13236",""
"13237",""
"13238",""
"13239",""
"13240",""
"13241","0.0"
"13242",""
"13243","0.0"
"13244","1.0"
"13245",""
"13246",""
"13247",""
"13248","1.0"
"13249",""
"13250","0.0"
"13251",""
"13252","0.0"
