"10000","0.3333333333333333"
"10001","0.3333333333333333"
"10002","0.0"
"10003","0.25"
"10004","0.0"
"10005","0.0"
"10006","0.2"
"10007","0.5"
"10008","0.5"
"10009","0.0"
"10010","0.3333333333333333"
"10011","0.0"
"10012","0.0"
"10013","0.0"
"10014","0.25"
"10015","0.0"
"10016","0.5"
"10017","1.0"
"10018","1.0"
"10019","0.5"
"10020","0.6666666666666666"
"10021","0.0"
"10022","0.2"
"10023",""
"10024","0.5"
"10025","0.2"
"10026",""
"10027","1.0"
"10028","0.0"
"10029",""
"10030","0.25"
"10031","1.0"
"10032","0.3333333333333333"
"10033","0.0"
"10034","0.5"
"10035","0.5"
"10036","0.5"
"10037","1.0"
"10038","0.3333333333333333"
"10039","1.0"
"10040","0.3333333333333333"
"10041","0.0"
"10042","0.5"
"10043","0.5"
"10044","0.6666666666666666"
"10045","0.0"
"10046","0.0"
"10047","0.0"
"10048",""
"10049","0.5"
"10050","0.0"
"10051","0.5"
"10052","0.6666666666666666"
"10053","0.5"
"10054","0.0"
"10055","0.0"
"10056","0.6666666666666666"
"10057","0.0"
"10058",""
"10059",""
"10060","0.5"
"10061","0.0"
"10062","0.0"
"10063","0.5"
"10064","0.5"
"10065",""
"10066","0.5"
"10067","0.25"
"10068",""
"10069","0.0"
"10070","0.3333333333333333"
"10071","0.3333333333333333"
"10072","1.0"
"10073",""
"10074","0.5"
"10075","0.0"
"10076",""
"10077","0.0"
"10078","0.5"
"10079",""
"10080",""
"10081","0.2857142857142857"
"10082",""
"10083","0.0"
"10084","0.6666666666666666"
"10085","0.5"
"10086","0.25"
"10087","0.3333333333333333"
"10088",""
"10089","0.16666666666666666"
"10090",""
"10091","0.0"
"10092","0.25"
"10093","0.3333333333333333"
"10094","1.0"
"10095","0.0"
"10096","1.0"
"10097","0.25"
"10098","0.3333333333333333"
"10099","0.25"
"10100","0.0"
"10101","0.5"
"10102","0.0"
"10103","0.0"
"10104",""
"10105",""
"10106","0.25"
"10107","1.0"
"10108","0.3333333333333333"
"10109",""
"10110","0.5"
"10111",""
"10112","0.1111111111111111"
"10113","0.0"
"10114","0.0"
"10115",""
"10116","0.25"
"10117","0.25"
"10118",""
"10119","0.2857142857142857"
"10120","1.0"
"10121","0.0"
"10122","0.25"
"10123","0.3333333333333333"
"10124","0.3333333333333333"
"10125","0.5"
"10126","0.0"
"10127","0.5"
"10128","0.6666666666666666"
"10129","0.3333333333333333"
"10130","0.4"
"10131","1.0"
"10132","0.16666666666666666"
"10133","0.0"
"10134",""
"10135","0.3333333333333333"
"10136","1.0"
"10137",""
"10138","0.3333333333333333"
"10139","1.0"
"10140","0.25"
"10141","0.0"
"10142",""
"10143","0.5"
"10144","0.0"
"10145","0.2"
"10146",""
"10147","0.0"
"10148","0.0"
"10149","0.0"
"10150","0.3333333333333333"
"10151",""
"10152","1.0"
"10153","0.0"
"10154","0.3333333333333333"
"10155","0.3333333333333333"
"10156","0.5"
"10157","0.5"
"10158","0.5"
"10159","0.2857142857142857"
"10160","0.0"
"10161","0.0"
"10162","0.25"
"10163","0.5"
"10164","0.0"
"10165","1.0"
"10166","0.0"
"10167","1.0"
"10168","0.5"
"10169","0.5"
"10170","0.0"
"10171","0.25"
"10172","0.3333333333333333"
"10173","0.0"
"10174",""
"10175",""
"10176","0.0"
"10177","1.0"
"10178","1.0"
"10179","0.5"
"10180","0.3333333333333333"
"10181","0.6666666666666666"
"10182","0.0"
"10183","0.5"
"10184","0.6666666666666666"
"10185","0.0"
"10186",""
"10187","1.0"
"10188","0.5"
"10189","0.5"
"10190","0.5"
"10191","0.6666666666666666"
"10192","0.3333333333333333"
"10193",""
"10194","0.5"
"10195","0.2"
"10196","1.0"
"10197","0.0"
"10198","0.0"
"10199","0.5"
"10200",""
"10201","0.2"
"10202",""
"10203",""
"10204","0.5"
"10205","0.5"
"10206",""
"10207","0.0"
"10208",""
"10209",""
"10210","0.25"
"10211","0.0"
"10212",""
"10213",""
"10214",""
"10215","0.0"
"10216","1.0"
"10217","0.0"
"10218",""
"10219","0.3333333333333333"
"10220","0.3333333333333333"
"10221",""
"10222","0.25"
"10223","1.0"
"10224","0.5"
"10225","0.2"
"10226","0.0"
"10227","0.3333333333333333"
"10228","0.3333333333333333"
"10229","0.0"
"10230",""
"10231",""
"10232","0.5"
"10233","0.0"
"10234","0.0"
"10235",""
"10236","0.5"
"10237","0.0"
"10238","0.0"
"10239","0.16666666666666666"
"10240","0.16666666666666666"
"10241","0.0"
"10242","0.4"
"10243","0.0"
"10244",""
"10245","0.3333333333333333"
"10246","0.4"
"10247","0.0"
"10248",""
"10249","0.0"
"10250","0.25"
"10251","0.5"
"10252","0.0"
"10253","0.3333333333333333"
"10254","0.0"
"10255","0.0"
"10256","1.0"
"10257","0.6666666666666666"
"10258","1.0"
"10259","0.3333333333333333"
"10260",""
"10261","0.3333333333333333"
"10262","0.25"
"10263","0.5"
"10264","0.0"
"10265","0.6666666666666666"
"10266","1.0"
"10267",""
"10268","0.5"
"10269",""
"10270","0.0"
"10271","0.25"
"10272","0.4"
"10273","0.3333333333333333"
"10274","0.25"
"10275","0.0"
"10276",""
"10277","0.0"
"10278","0.0"
"10279","0.0"
"10280","0.0"
"10281","0.5"
"10282",""
"10283","0.0"
"10284","0.3333333333333333"
"10285","0.0"
"10286","0.0"
"10287","0.0"
"10288","0.0"
"10289","0.16666666666666666"
"10290","0.0"
"10291","0.25"
"10292","0.2857142857142857"
"10293","0.0"
"10294","0.3333333333333333"
"10295","0.0"
"10296","0.25"
"10297","0.5"
"10298","0.0"
"10299","1.0"
"10300",""
"10301","0.5"
"10302","0.0"
"10303","0.0"
"10304","0.3333333333333333"
"10305",""
"10306","0.0"
"10307","0.5"
"10308","0.3333333333333333"
"10309","0.3333333333333333"
"10310","0.5"
"10311","0.3333333333333333"
"10312","0.14285714285714285"
"10313","0.0"
"10314","0.5"
"10315","0.0"
"10316","0.5"
"10317","0.0"
"10318","0.0"
"10319","0.0"
"10320","0.16666666666666666"
"10321","0.5"
"10322","0.5"
"10323","0.5"
"10324","0.0"
"10325","0.0"
"10326","0.25"
"10327","0.3333333333333333"
"10328","0.3333333333333333"
"10329",""
"10330","0.25"
"10331","1.0"
"10332","0.5"
"10333",""
"10334","0.5"
"10335","0.5"
"10336","0.6666666666666666"
"10337","0.0"
"10338","0.25"
"10339","0.0"
"10340","0.0"
"10341","0.0"
"10342","0.3333333333333333"
"10343","0.0"
"10344","0.6666666666666666"
"10345","0.5"
"10346","1.0"
"10347","1.0"
"10348","0.25"
"10349",""
"10350","1.0"
"10351","0.5"
"10352",""
"10353","0.0"
"10354","0.5"
"10355","0.0"
"10356","0.5"
"10357","0.0"
"10358","0.5"
"10359","0.5"
"10360",""
"10361","1.0"
"10362","0.0"
"10363","0.5"
"10364","0.25"
"10365",""
"10366","0.25"
"10367","0.6666666666666666"
"10368","0.0"
"10369","0.5"
"10370","0.0"
"10371","1.0"
"10372","0.25"
"10373","0.0"
"10374","1.0"
"10375","0.3333333333333333"
"10376","0.2857142857142857"
"10377","0.5"
"10378","0.25"
"10379","0.5"
"10380",""
"10381","1.0"
"10382","0.0"
"10383","0.0"
"10384","0.0"
"10385",""
"10386",""
"10387",""
"10388","0.2"
"10389","0.16666666666666666"
"10390","0.3333333333333333"
"10391","0.3333333333333333"
"10392",""
"10393","0.0"
"10394",""
"10395","0.5"
"10396","0.0"
"10397",""
"10398","0.3333333333333333"
"10399","0.5"
"10400","0.5"
"10401","0.16666666666666666"
"10402",""
"10403","0.6666666666666666"
"10404","0.3333333333333333"
"10405","1.0"
"10406","0.0"
"10407","0.0"
"10408","1.0"
"10409","0.5"
"10410",""
"10411","0.0"
"10412",""
"10413","0.0"
"10414","1.0"
"10415",""
"10416","0.0"
"10417","0.0"
"10418","0.0"
"10419","1.0"
"10420","0.5"
"10421",""
"10422","0.5"
"10423","0.3333333333333333"
"10424","0.5"
"10425","0.0"
"10426","0.4"
"10427","1.0"
"10428",""
"10429",""
"10430",""
"10431","0.3333333333333333"
"10432","0.5"
"10433","0.5"
"10434","1.0"
"10435","0.25"
"10436","0.0"
"10437",""
"10438","0.0"
"10439","1.0"
"10440","0.0"
"10441","0.0"
"10442","0.0"
"10443","0.5"
"10444","0.5"
"10445","0.0"
"10446","0.0"
"10447","0.5"
"10448","0.25"
"10449","0.3333333333333333"
"10450","0.0"
"10451",""
"10452","1.0"
"10453","0.0"
"10454","0.5"
"10455",""
"10456","0.3333333333333333"
"10457",""
"10458","0.3333333333333333"
"10459",""
"10460","0.0"
"10461","0.0"
"10462","0.5"
"10463","0.0"
"10464","0.0"
"10465","0.5"
"10466",""
"10467",""
"10468","0.5"
"10469","1.0"
"10470","0.0"
"10471","0.2"
"10472","1.0"
"10473","0.5"
"10474","0.3333333333333333"
"10475","0.0"
"10476",""
"10477",""
"10478","0.5"
"10479","0.6666666666666666"
"10480",""
"10481","1.0"
"10482","0.6666666666666666"
"10483","0.0"
"10484","0.0"
"10485",""
"10486","0.2"
"10487","0.0"
"10488","0.3333333333333333"
"10489","0.0"
"10490","0.0"
"10491","1.0"
"10492","1.0"
"10493","0.5"
"10494","0.2"
"10495","0.4"
"10496","1.0"
"10497","0.0"
"10498","0.3333333333333333"
"10499","0.0"
"10500","0.0"
"10501","0.0"
"10502","1.0"
"10503",""
"10504","0.5"
"10505",""
"10506","0.0"
"10507","1.0"
"10508","0.5"
"10509","1.0"
"10510","0.5"
"10511",""
"10512","0.0"
"10513","0.0"
"10514","0.6666666666666666"
"10515","0.6666666666666666"
"10516","0.14285714285714285"
"10517","0.0"
"10518","0.3333333333333333"
"10519",""
"10520","0.3333333333333333"
"10521","0.25"
"10522","0.0"
"10523",""
"10524","0.3333333333333333"
"10525","0.0"
"10526",""
"10527","1.0"
"10528","0.5"
"10529","0.0"
"10530",""
"10531","0.25"
"10532","0.0"
"10533","0.0"
"10534",""
"10535",""
"10536","0.0"
"10537",""
"10538","0.25"
"10539","0.0"
"10540","0.4"
"10541","0.3333333333333333"
"10542","0.0"
"10543","0.5"
"10544","0.0"
"10545","0.4"
"10546","0.0"
"10547","0.5"
"10548","0.5"
"10549","0.5"
"10550","0.25"
"10551","0.25"
"10552","1.0"
"10553","0.0"
"10554","0.0"
"10555","0.3333333333333333"
"10556","0.0"
"10557","0.0"
"10558","0.0"
"10559","0.0"
"10560","0.5"
"10561","0.5"
"10562","0.0"
"10563","0.125"
"10564","0.5"
"10565","0.4"
"10566",""
"10567","0.6666666666666666"
"10568",""
"10569","0.5"
"10570","1.0"
"10571","0.5"
"10572","0.0"
"10573","1.0"
"10574","0.5"
"10575","0.3333333333333333"
"10576","0.0"
"10577","1.0"
"10578","0.0"
"10579","0.0"
"10580","0.0"
"10581","0.3333333333333333"
"10582","1.0"
"10583",""
"10584","0.0"
"10585","0.6666666666666666"
"10586","0.0"
"10587","0.3333333333333333"
"10588","1.0"
"10589",""
"10590","0.5"
"10591","0.0"
"10592",""
"10593","0.0"
"10594","0.3333333333333333"
"10595","0.2"
"10596","0.0"
"10597","0.5"
"10598","1.0"
"10599","0.3333333333333333"
"10600","0.0"
"10601","0.5"
"10602","0.0"
"10603","0.5"
"10604","0.25"
"10605","0.0"
"10606","0.6666666666666666"
"10607","1.0"
"10608","0.3333333333333333"
"10609","0.0"
"10610",""
"10611","0.0"
"10612","0.0"
"10613","0.0"
"10614","0.5"
"10615","0.0"
"10616","0.3333333333333333"
"10617","0.0"
"10618","0.0"
"10619","0.0"
"10620","0.25"
"10621","1.0"
"10622","0.0"
"10623","0.25"
"10624",""
"10625","0.6666666666666666"
"10626","0.3333333333333333"
"10627","0.2"
"10628","0.0"
"10629","0.3333333333333333"
"10630","0.0"
"10631","0.5"
"10632","0.0"
"10633","0.0"
"10634","0.3333333333333333"
"10635","1.0"
"10636","1.0"
"10637","0.3333333333333333"
"10638","0.2"
"10639","0.5"
"10640","0.6666666666666666"
"10641","1.0"
"10642","0.0"
"10643","1.0"
"10644","0.4"
"10645","0.3333333333333333"
"10646",""
"10647","0.6666666666666666"
"10648","0.5"
"10649","0.25"
"10650",""
"10651","0.0"
"10652","0.0"
"10653",""
"10654","0.2"
"10655","1.0"
"10656","0.25"
"10657","0.25"
"10658",""
"10659","0.5"
"10660","0.6666666666666666"
"10661","0.3333333333333333"
"10662","0.5"
"10663","0.25"
"10664","0.5"
"10665","0.0"
"10666","0.6666666666666666"
"10667","0.0"
"10668","0.0"
"10669","0.0"
"10670","0.5"
"10671","0.5"
"10672",""
"10673","0.3333333333333333"
"10674","0.5"
"10675","0.5"
"10676","0.5"
"10677",""
"10678","0.3333333333333333"
"10679","0.25"
"10680","0.0"
"10681","0.0"
"10682","0.5"
"10683","1.0"
"10684","0.0"
"10685","0.25"
"10686","0.25"
"10687","0.5"
"10688","0.5"
"10689","0.0"
"10690","1.0"
"10691","0.25"
"10692","0.3333333333333333"
"10693","0.0"
"10694","0.0"
"10695","0.5"
"10696","0.3333333333333333"
"10697","0.0"
"10698","0.0"
"10699","0.5"
"10700","0.0"
"10701","0.5"
"10702","0.6666666666666666"
"10703",""
"10704","0.0"
"10705","0.25"
"10706","0.3333333333333333"
"10707","0.2857142857142857"
"10708","0.5"
"10709","0.4"
"10710","0.6666666666666666"
"10711","0.0"
"10712","0.3333333333333333"
"10713","0.0"
"10714","0.5"
"10715","0.5"
"10716","0.5"
"10717","0.0"
"10718","0.5"
"10719","0.0"
"10720",""
"10721","0.0"
"10722","1.0"
"10723","0.0"
"10724","0.0"
"10725","0.0"
"10726",""
"10727","0.0"
"10728","0.5"
"10729","0.0"
"10730","0.25"
"10731","0.25"
"10732","0.5"
"10733","0.3333333333333333"
"10734","0.0"
"10735",""
"10736","0.0"
"10737","0.3333333333333333"
"10738","1.0"
"10739","0.3333333333333333"
"10740","0.25"
"10741","0.5"
"10742","0.25"
"10743",""
"10744","0.0"
"10745","0.5"
"10746","1.0"
"10747","0.6666666666666666"
"10748","1.0"
"10749","1.0"
"10750","0.25"
"10751","0.6666666666666666"
"10752","0.5"
"10753","0.5"
"10754","0.6666666666666666"
"10755",""
"10756","0.5"
"10757","0.5"
"10758","0.2"
"10759","0.6666666666666666"
"10760","1.0"
"10761","0.0"
"10762",""
"10763","1.0"
"10764","0.5"
"10765","0.3333333333333333"
"10766","0.3333333333333333"
"10767","0.5"
"10768","0.0"
"10769",""
"10770","0.0"
"10771","0.0"
"10772","0.0"
"10773","1.0"
"10774","0.25"
"10775",""
"10776","0.0"
"10777",""
"10778","0.0"
"10779","0.5"
"10780","0.3333333333333333"
"10781","0.14285714285714285"
"10782","0.25"
"10783","0.5"
"10784","0.2857142857142857"
"10785","0.5"
"10786","0.0"
"10787","0.5"
"10788","0.5"
"10789","0.5"
"10790","0.3333333333333333"
"10791",""
"10792","1.0"
"10793",""
"10794","0.5"
"10795",""
"10796","0.0"
"10797","1.0"
"10798","1.0"
"10799","0.5"
"10800","0.0"
"10801","0.0"
"10802","0.0"
"10803",""
"10804","0.5"
"10805","0.5"
"10806","0.0"
"10807","0.0"
"10808","0.0"
"10809",""
"10810","0.0"
"10811","0.3333333333333333"
"10812",""
"10813","0.0"
"10814","0.4"
"10815","0.0"
"10816","0.5"
"10817","0.5"
"10818","0.3333333333333333"
"10819","1.0"
"10820","0.5"
"10821",""
"10822","0.3333333333333333"
"10823","0.0"
"10824","0.5"
"10825","0.5"
"10826","0.0"
"10827",""
"10828","0.2"
"10829","0.5"
"10830","0.5"
"10831","1.0"
"10832","0.3333333333333333"
"10833","0.0"
"10834","0.0"
"10835","0.4"
"10836","0.0"
"10837","0.3333333333333333"
"10838","1.0"
"10839","0.25"
"10840","0.0"
"10841",""
"10842","0.6666666666666666"
"10843",""
"10844","0.2"
"10845","1.0"
"10846","0.0"
"10847",""
"10848","0.0"
"10849","0.5"
"10850","0.0"
"10851","0.5"
"10852","0.5"
"10853","0.4"
"10854","0.0"
"10855","0.0"
"10856","0.0"
"10857","0.0"
"10858","0.5"
"10859","0.5"
"10860",""
"10861","0.0"
"10862","0.3333333333333333"
"10863","1.0"
"10864","0.0"
"10865","0.3333333333333333"
"10866","0.3333333333333333"
"10867","0.25"
"10868","0.3333333333333333"
"10869","0.6666666666666666"
"10870","0.2"
"10871","0.0"
"10872","0.5"
"10873","0.0"
"10874","0.0"
"10875","0.3333333333333333"
"10876","0.0"
"10877","0.5"
"10878","0.0"
"10879","0.0"
"10880","0.0"
"10881","0.0"
"10882","0.6666666666666666"
"10883",""
"10884","0.0"
"10885","0.0"
"10886","0.0"
"10887","0.0"
"10888","0.5"
"10889",""
"10890","0.3333333333333333"
"10891",""
"10892",""
"10893","0.0"
"10894","0.5"
"10895","0.25"
"10896",""
"10897","0.0"
"10898","0.3333333333333333"
"10899","0.0"
"10900","0.0"
"10901",""
"10902","0.0"
"10903","1.0"
"10904","0.0"
"10905","0.3333333333333333"
"10906","0.5"
"10907","0.0"
"10908","0.0"
"10909",""
"10910","0.5"
"10911","0.25"
"10912","0.0"
"10913","0.0"
"10914","0.0"
"10915",""
"10916","0.0"
"10917",""
"10918","0.3333333333333333"
"10919","0.0"
"10920","0.0"
"10921","0.5"
"10922","0.0"
"10923","0.5"
"10924",""
"10925",""
"10926","0.0"
"10927","0.0"
"10928","0.25"
"10929","0.0"
"10930","0.5"
"10931","0.4"
"10932","0.3333333333333333"
"10933","0.4"
"10934","0.5"
"10935","1.0"
"10936","0.0"
"10937","0.5"
"10938","0.16666666666666666"
"10939",""
"10940","0.0"
"10941","0.5"
"10942","0.0"
"10943","0.0"
"10944","0.5"
"10945","0.3333333333333333"
"10946","1.0"
"10947","1.0"
"10948","1.0"
"10949",""
"10950","0.0"
"10951","0.0"
"10952","0.0"
"10953",""
"10954","0.4"
"10955",""
"10956","0.3333333333333333"
"10957","0.2857142857142857"
"10958","0.0"
"10959","0.0"
"10960","1.0"
"10961","0.5"
"10962","0.0"
"10963","0.0"
"10964","0.5"
"10965","0.0"
"10966","0.2857142857142857"
"10967","0.5"
"10968","0.0"
"10969",""
"10970","1.0"
"10971","0.5"
"10972","0.2"
"10973","0.5"
"10974","0.3333333333333333"
"10975","0.25"
"10976","1.0"
"10977","0.3333333333333333"
"10978","0.5"
"10979","1.0"
"10980","0.125"
"10981","0.3333333333333333"
"10982","0.3333333333333333"
"10983","0.16666666666666666"
"10984","0.5"
"10985","0.3333333333333333"
"10986","0.25"
"10987","0.5"
"10988",""
"10989","0.5"
"10990","0.3333333333333333"
"10991","1.0"
"10992","1.0"
"10993","0.3333333333333333"
"10994","0.0"
"10995","0.2857142857142857"
"10996","0.3333333333333333"
"10997","0.3333333333333333"
"10998","0.0"
"10999","0.0"
"11000","0.3333333333333333"
"11001","1.0"
"11002","0.0"
"11003","0.3333333333333333"
"11004","1.0"
"11005","1.0"
"11006","0.5"
"11007","0.3333333333333333"
"11008","0.5"
"11009","1.0"
"11010","0.3333333333333333"
"11011","0.0"
"11012","1.0"
"11013",""
"11014","0.6666666666666666"
"11015","0.3333333333333333"
"11016","0.3333333333333333"
"11017","0.6666666666666666"
"11018","0.0"
"11019","1.0"
"11020","0.25"
"11021","0.5"
"11022","0.0"
"11023","0.0"
"11024","0.0"
"11025","0.0"
"11026","0.3"
"11027","0.5"
"11028","1.0"
"11029","0.5"
"11030","0.5"
"11031","0.25"
"11032",""
"11033","0.0"
"11034","0.5"
"11035","0.6666666666666666"
"11036","1.0"
"11037","0.4"
"11038","1.0"
"11039","0.0"
"11040","0.5"
"11041",""
"11042","0.25"
"11043","0.3333333333333333"
"11044","0.5"
"11045","0.14285714285714285"
"11046","0.3333333333333333"
"11047","0.2"
"11048","0.0"
"11049","0.6666666666666666"
"11050","1.0"
"11051","1.0"
"11052","0.0"
"11053","0.25"
"11054","1.0"
"11055",""
"11056","0.5"
"11057","0.3333333333333333"
"11058","0.3333333333333333"
"11059","0.3333333333333333"
"11060","0.3333333333333333"
"11061","0.5"
"11062","0.0"
"11063","0.0"
"11064","1.0"
"11065","0.5"
"11066","0.5"
"11067",""
"11068","0.25"
"11069","0.3333333333333333"
"11070","0.25"
"11071","0.5"
"11072","0.14285714285714285"
"11073",""
"11074","0.25"
"11075",""
"11076","0.0"
"11077","0.3333333333333333"
"11078","0.3333333333333333"
"11079","0.5"
"11080","0.3333333333333333"
"11081","0.3333333333333333"
"11082","1.0"
"11083","0.2"
"11084","0.5"
"11085","0.3333333333333333"
"11086","1.0"
"11087","0.25"
"11088",""
"11089","0.5"
"11090","0.6666666666666666"
"11091","0.25"
"11092","0.5"
"11093","0.5"
"11094",""
"11095","0.6666666666666666"
"11096",""
"11097","0.3333333333333333"
"11098","0.25"
"11099","0.0"
"11100","0.5"
"11101","0.5"
"11102","0.25"
"11103","0.0"
"11104","1.0"
"11105","0.0"
"11106","0.6666666666666666"
"11107","0.25"
"11108",""
"11109","0.6666666666666666"
"11110","0.25"
"11111","0.5"
"11112","1.0"
"11113","0.5"
"11114",""
"11115","0.0"
"11116","0.2"
"11117","0.4"
"11118","0.0"
"11119","0.3333333333333333"
"11120","1.0"
"11121","0.5"
"11122","0.5"
"11123","0.5"
"11124","0.5"
"11125","0.5"
"11126","0.0"
"11127","0.6666666666666666"
"11128","0.25"
"11129","0.3333333333333333"
"11130",""
"11131","0.3333333333333333"
"11132","0.5"
"11133","0.0"
"11134","0.0"
"11135","0.3333333333333333"
"11136",""
"11137","1.0"
"11138","0.2"
"11139","0.5"
"11140","0.0"
"11141","0.0"
"11142","0.5"
"11143","0.3333333333333333"
"11144","0.0"
"11145","0.5"
"11146",""
"11147","0.0"
"11148","0.5"
"11149","0.3333333333333333"
"11150","0.5"
"11151","0.6666666666666666"
"11152","0.25"
"11153",""
"11154","0.25"
"11155","0.0"
"11156","0.0"
"11157","0.0"
"11158","0.4"
"11159","0.3333333333333333"
"11160",""
"11161",""
"11162",""
"11163","0.0"
"11164","0.2"
"11165","0.3333333333333333"
"11166","0.0"
"11167","0.3333333333333333"
"11168","0.3333333333333333"
"11169","0.0"
"11170","0.42857142857142855"
"11171",""
"11172",""
"11173","0.4"
"11174","0.0"
"11175","0.0"
"11176","1.0"
"11177",""
"11178","0.25"
"11179","0.5"
"11180","0.3333333333333333"
"11181","0.0"
"11182","0.6666666666666666"
"11183","0.2"
"11184","0.3333333333333333"
"11185","0.0"
"11186",""
"11187","1.0"
"11188","1.0"
"11189","0.25"
"11190","0.3333333333333333"
"11191","0.6666666666666666"
"11192","0.0"
"11193","0.0"
"11194",""
"11195","0.0"
"11196","0.5"
"11197","0.5"
"11198","0.0"
"11199",""
"11200","0.0"
"11201","0.0"
"11202","0.0"
"11203","0.5"
"11204","0.3333333333333333"
"11205","0.5"
"11206","0.4"
"11207","0.3333333333333333"
"11208","0.0"
"11209","0.0"
"11210","0.0"
"11211","0.25"
"11212",""
"11213","0.5"
"11214","0.3333333333333333"
"11215","0.5"
"11216","0.5"
"11217","0.0"
"11218","0.0"
"11219","1.0"
"11220","0.0"
"11221","0.0"
"11222","0.16666666666666666"
"11223",""
"11224","0.3333333333333333"
"11225","0.5"
"11226",""
"11227","0.5"
"11228","0.2"
"11229","0.25"
"11230","0.25"
"11231","0.5"
"11232","0.0"
"11233","0.25"
"11234",""
"11235","0.3333333333333333"
"11236","0.5"
"11237","0.6666666666666666"
"11238","1.0"
"11239","1.0"
"11240","0.0"
"11241","0.0"
"11242","0.0"
"11243","0.25"
"11244","0.6666666666666666"
"11245","0.5"
"11246","0.3333333333333333"
"11247","0.5"
"11248","1.0"
"11249","0.5"
"11250","0.5"
"11251","0.5"
"11252","0.125"
"11253","0.6666666666666666"
"11254","0.5"
"11255","0.3333333333333333"
"11256","1.0"
"11257","0.0"
"11258","1.0"
"11259","0.5"
"11260","0.25"
"11261","0.0"
"11262",""
"11263","0.5"
"11264","0.0"
"11265","0.0"
"11266","0.3333333333333333"
"11267","0.0"
"11268","0.5"
"11269","0.5"
"11270","0.0"
"11271","0.5"
"11272",""
"11273",""
"11274",""
"11275","1.0"
"11276","0.5"
"11277","0.25"
"11278",""
"11279","0.6666666666666666"
"11280",""
"11281","1.0"
"11282","0.3333333333333333"
"11283","0.0"
"11284","1.0"
"11285","0.5"
"11286","1.0"
"11287","0.0"
"11288","0.3333333333333333"
"11289","0.3333333333333333"
"11290","0.0"
"11291","0.0"
"11292","0.16666666666666666"
"11293","1.0"
"11294","1.0"
"11295","0.0"
"11296",""
"11297","0.5"
"11298","0.3333333333333333"
"11299","0.5"
"11300","0.0"
"11301","0.0"
"11302","0.3333333333333333"
"11303","0.5"
"11304",""
"11305","0.25"
"11306","0.5"
"11307","0.0"
"11308","0.0"
"11309","0.0"
"11310",""
"11311","0.3333333333333333"
"11312","0.2857142857142857"
"11313","0.5"
"11314",""
"11315","0.25"
"11316","0.0"
"11317","0.0"
"11318","0.0"
"11319",""
"11320","0.5"
"11321","0.3333333333333333"
"11322","0.25"
"11323","0.2"
"11324","0.0"
"11325","0.16666666666666666"
"11326","0.5"
"11327","1.0"
"11328","0.25"
"11329","0.6666666666666666"
"11330","0.5"
"11331","0.0"
"11332","0.0"
"11333",""
"11334","0.5"
"11335","0.3333333333333333"
"11336","0.3333333333333333"
"11337","0.0"
"11338","1.0"
"11339","0.5"
"11340","0.4"
"11341","0.3333333333333333"
"11342",""
"11343","0.3333333333333333"
"11344","1.0"
"11345",""
"11346","0.0"
"11347","0.0"
"11348","0.0"
"11349","0.5"
"11350","0.5"
"11351","1.0"
"11352",""
"11353",""
"11354","0.0"
"11355","0.5"
"11356","0.0"
"11357","1.0"
"11358","1.0"
"11359","0.5"
"11360","0.3333333333333333"
"11361","0.3333333333333333"
"11362","0.3333333333333333"
"11363","0.6666666666666666"
"11364","0.0"
"11365","0.3333333333333333"
"11366","0.6666666666666666"
"11367",""
"11368","0.0"
"11369",""
"11370","0.3333333333333333"
"11371","0.0"
"11372","1.0"
"11373","1.0"
"11374","0.0"
"11375","0.2"
"11376",""
"11377","0.5"
"11378",""
"11379","0.3333333333333333"
"11380","0.6666666666666666"
"11381","0.0"
"11382","0.2"
"11383","0.6666666666666666"
"11384","0.5"
"11385","0.0"
"11386","0.6666666666666666"
"11387","0.0"
"11388","0.0"
"11389","1.0"
"11390","0.5"
"11391","0.5"
"11392","0.3333333333333333"
"11393","0.3333333333333333"
"11394",""
"11395","0.6666666666666666"
"11396","0.0"
"11397","0.3333333333333333"
"11398","0.5"
"11399",""
"11400","0.25"
"11401","0.5"
"11402",""
"11403",""
"11404","0.5"
"11405","0.3333333333333333"
"11406","0.5"
"11407","0.5"
"11408","0.25"
"11409",""
"11410","0.0"
"11411","0.6666666666666666"
"11412","0.25"
"11413","0.3333333333333333"
"11414","0.5"
"11415","0.5"
"11416","0.18181818181818182"
"11417","0.5"
"11418","0.0"
"11419","0.0"
"11420","0.4"
"11421","0.3333333333333333"
"11422","0.0"
"11423","0.5"
"11424","0.3333333333333333"
"11425","0.25"
"11426","0.0"
"11427",""
"11428","1.0"
"11429","0.5"
"11430","0.0"
"11431","1.0"
"11432","0.0"
"11433","0.5"
"11434","0.0"
"11435","0.5"
"11436","1.0"
"11437","0.125"
"11438","0.0"
"11439","0.5"
"11440",""
"11441","0.3333333333333333"
"11442","1.0"
"11443","0.0"
"11444","1.0"
"11445",""
"11446","0.6666666666666666"
"11447","0.3333333333333333"
"11448","0.25"
"11449","1.0"
"11450","0.0"
"11451","0.0"
"11452","0.0"
"11453",""
"11454","1.0"
"11455",""
"11456",""
"11457","0.4"
"11458","0.5"
"11459","0.6666666666666666"
"11460","0.25"
"11461",""
"11462",""
"11463","0.0"
"11464",""
"11465","0.25"
"11466","0.0"
"11467",""
"11468","0.0"
"11469","0.0"
"11470","0.0"
"11471","0.5"
"11472","0.0"
"11473","1.0"
"11474","0.25"
"11475","0.3333333333333333"
"11476","0.25"
"11477","1.0"
"11478","0.3333333333333333"
"11479","1.0"
"11480","0.0"
"11481","0.5"
"11482","1.0"
"11483","0.0"
"11484","1.0"
"11485","0.0"
"11486","0.6666666666666666"
"11487","0.0"
"11488",""
"11489","0.3333333333333333"
"11490","0.6666666666666666"
"11491","0.3333333333333333"
"11492",""
"11493",""
"11494","0.5"
"11495",""
"11496",""
"11497","0.0"
"11498","0.3333333333333333"
"11499","0.0"
"11500","0.3333333333333333"
"11501","0.25"
"11502","1.0"
"11503","0.0"
"11504","0.5"
"11505","0.0"
"11506","1.0"
"11507","0.5"
"11508","0.25"
"11509","0.0"
"11510","0.5"
"11511","0.5"
"11512","0.3333333333333333"
"11513","0.25"
"11514","0.0"
"11515","0.25"
"11516","0.5"
"11517","0.75"
"11518","0.0"
"11519","1.0"
"11520","0.0"
"11521","0.3333333333333333"
"11522","1.0"
"11523","0.2"
"11524",""
"11525","0.0"
"11526","0.0"
"11527","1.0"
"11528","0.6666666666666666"
"11529","0.0"
"11530",""
"11531",""
"11532","0.0"
"11533","0.0"
"11534","0.5"
"11535","0.75"
"11536","1.0"
"11537","0.0"
"11538","0.0"
"11539",""
"11540","0.5"
"11541","0.25"
"11542","0.5"
"11543","0.3333333333333333"
"11544","0.0"
"11545","0.0"
"11546","0.0"
"11547","0.25"
"11548","0.0"
"11549","0.0"
"11550","0.5"
"11551","0.6666666666666666"
"11552","0.5"
"11553","1.0"
"11554","0.6"
"11555","1.0"
"11556","0.6666666666666666"
"11557","0.5"
"11558","0.5"
"11559","0.4"
"11560","0.5"
"11561","0.5"
"11562",""
"11563","1.0"
"11564",""
"11565","0.0"
"11566","0.3333333333333333"
"11567",""
"11568","0.5"
"11569",""
"11570","1.0"
"11571","0.5"
"11572","0.0"
"11573","1.0"
"11574","1.0"
"11575","0.0"
"11576","0.0"
"11577",""
"11578","0.5"
"11579","1.0"
"11580","0.3333333333333333"
"11581",""
"11582","0.3333333333333333"
"11583","0.3333333333333333"
"11584","0.3333333333333333"
"11585","0.0"
"11586","0.3333333333333333"
"11587","0.5"
"11588","0.16666666666666666"
"11589","0.0"
"11590","0.0"
"11591","0.3333333333333333"
"11592","0.5"
"11593","0.3333333333333333"
"11594",""
"11595","0.0"
"11596","0.3333333333333333"
"11597","0.0"
"11598","0.5"
"11599","0.125"
"11600",""
"11601",""
"11602","0.3333333333333333"
"11603","0.3333333333333333"
"11604","1.0"
"11605","0.0"
"11606","0.3333333333333333"
"11607",""
"11608",""
"11609",""
"11610",""
"11611","1.0"
"11612","0.0"
"11613","0.25"
"11614","0.3333333333333333"
"11615",""
"11616",""
"11617","0.25"
"11618","0.0"
"11619","0.0"
"11620","0.25"
"11621","0.25"
"11622","0.2"
"11623","0.3333333333333333"
"11624","0.2"
"11625","0.0"
"11626",""
"11627","0.0"
"11628","0.5"
"11629","0.25"
"11630","0.3333333333333333"
"11631","0.0"
"11632","0.0"
"11633","1.0"
"11634","0.5"
"11635","0.3333333333333333"
"11636","0.25"
"11637","0.5"
"11638","0.5"
"11639","0.2"
"11640","0.0"
"11641","1.0"
"11642","0.3333333333333333"
"11643","0.0"
"11644","0.0"
"11645","0.5"
"11646","0.0"
"11647","0.0"
"11648","0.5"
"11649","0.0"
"11650","0.0"
"11651","0.6666666666666666"
"11652","1.0"
"11653","0.3333333333333333"
"11654","0.25"
"11655",""
"11656","0.0"
"11657","1.0"
"11658","0.0"
"11659","0.5"
"11660","0.3333333333333333"
"11661","0.5"
"11662",""
"11663","1.0"
"11664","0.3333333333333333"
"11665","0.5"
"11666","1.0"
"11667","0.5"
"11668",""
"11669","0.6666666666666666"
"11670","0.5"
"11671","0.25"
"11672","0.5"
"11673","0.0"
"11674","0.2"
"11675","0.3333333333333333"
"11676","0.5"
"11677","0.5"
"11678",""
"11679","0.3333333333333333"
"11680","0.5"
"11681","0.6666666666666666"
"11682","0.25"
"11683","0.0"
"11684","0.0"
"11685",""
"11686","0.0"
"11687","0.5"
"11688","0.0"
"11689","0.0"
"11690",""
"11691","0.3333333333333333"
"11692","0.6666666666666666"
"11693","0.0"
"11694","0.0"
"11695","0.0"
"11696","0.0"
"11697","0.0"
"11698","0.0"
"11699","0.0"
"11700","0.5"
"11701","0.0"
"11702","0.5"
"11703","0.6666666666666666"
"11704","0.5"
"11705","0.5"
"11706","0.0"
"11707","0.3333333333333333"
"11708","1.0"
"11709","1.0"
"11710","0.3333333333333333"
"11711",""
"11712","0.0"
"11713","0.5"
"11714","0.0"
"11715","0.0"
"11716","0.25"
"11717","0.0"
"11718",""
"11719","0.4"
"11720","0.3333333333333333"
"11721","0.5"
"11722","0.25"
"11723","0.3333333333333333"
"11724","0.5"
"11725",""
"11726","0.0"
"11727","0.0"
"11728","0.0"
"11729","0.3333333333333333"
"11730","0.5"
"11731","0.5"
"11732","0.3333333333333333"
"11733","0.25"
"11734","0.5"
"11735","0.5"
"11736",""
"11737","0.3333333333333333"
"11738","0.3333333333333333"
"11739","0.5"
"11740","0.0"
"11741","0.5"
"11742","0.3333333333333333"
"11743","0.5"
"11744",""
"11745","0.5"
"11746",""
"11747","0.5"
"11748","0.0"
"11749","0.0"
"11750","0.0"
"11751","0.0"
"11752","0.4"
"11753","0.25"
"11754","0.3333333333333333"
"11755","0.25"
"11756","0.0"
"11757","0.0"
"11758","1.0"
"11759","0.25"
"11760",""
"11761","0.3333333333333333"
"11762","0.6666666666666666"
"11763","0.0"
"11764","0.3333333333333333"
"11765","0.25"
"11766","0.5"
"11767",""
"11768",""
"11769","0.0"
"11770","0.6666666666666666"
"11771","0.0"
"11772","1.0"
"11773","0.16666666666666666"
"11774","0.5"
"11775","0.5"
"11776","0.5"
"11777","0.3333333333333333"
"11778","0.5"
"11779","1.0"
"11780","0.0"
"11781","1.0"
"11782",""
"11783","0.4"
"11784","0.5"
"11785","0.5"
"11786","0.5"
"11787",""
"11788",""
"11789","0.0"
"11790","1.0"
"11791","1.0"
"11792","0.3333333333333333"
"11793","1.0"
"11794","0.0"
"11795","0.16666666666666666"
"11796","0.3333333333333333"
"11797","0.0"
"11798","0.3333333333333333"
"11799","0.6666666666666666"
"11800","0.0"
"11801",""
"11802","0.0"
"11803","0.5"
"11804","0.6666666666666666"
"11805","0.0"
"11806","0.3333333333333333"
"11807","0.5"
"11808","0.0"
"11809","0.5"
"11810","0.0"
"11811","0.2"
"11812","0.5"
"11813","0.5"
"11814","0.25"
"11815",""
"11816","0.0"
"11817","0.3333333333333333"
"11818","1.0"
"11819",""
"11820","1.0"
"11821","0.3333333333333333"
"11822","0.2"
"11823","0.0"
"11824","0.5"
"11825",""
"11826","0.0"
"11827","0.6666666666666666"
"11828","0.5"
"11829","0.0"
"11830","0.5"
"11831","0.25"
"11832","0.3333333333333333"
"11833","0.2"
"11834","1.0"
"11835","0.3333333333333333"
"11836",""
"11837","0.2"
"11838","0.3333333333333333"
"11839",""
"11840","0.0"
"11841","0.3333333333333333"
"11842","0.3333333333333333"
"11843","0.3333333333333333"
"11844","0.0"
"11845","0.3333333333333333"
"11846","1.0"
"11847","0.6"
"11848","0.0"
"11849","1.0"
"11850","0.0"
"11851","0.0"
"11852","0.5"
"11853","0.5"
"11854","0.0"
"11855","1.0"
"11856","0.5"
"11857",""
"11858",""
"11859","1.0"
"11860","0.0"
"11861","0.0"
"11862","0.6666666666666666"
"11863",""
"11864","0.0"
"11865","1.0"
"11866","0.5"
"11867","0.25"
"11868","1.0"
"11869","0.0"
"11870","0.25"
"11871","0.5"
"11872","0.0"
"11873","0.0"
"11874","0.25"
"11875","0.3333333333333333"
"11876","0.25"
"11877","1.0"
"11878","0.5"
"11879","1.0"
"11880","0.6666666666666666"
"11881","0.3333333333333333"
"11882","0.0"
"11883",""
"11884","0.0"
"11885","0.0"
"11886","1.0"
"11887","0.0"
"11888","0.6666666666666666"
"11889","0.4"
"11890","0.0"
"11891",""
"11892","0.25"
"11893","0.0"
"11894","0.3333333333333333"
"11895","1.0"
"11896",""
"11897","0.0"
"11898","0.5"
"11899","1.0"
"11900","0.3333333333333333"
"11901","0.6666666666666666"
"11902","1.0"
"11903",""
"11904","0.6666666666666666"
"11905","0.0"
"11906","0.5"
"11907","1.0"
"11908",""
"11909","0.5"
"11910","0.3333333333333333"
"11911","0.3333333333333333"
"11912","0.0"
"11913",""
"11914","0.0"
"11915","0.0"
"11916","0.6666666666666666"
"11917","0.0"
"11918","0.0"
"11919",""
"11920","0.0"
"11921","0.3333333333333333"
"11922","0.0"
"11923","1.0"
"11924",""
"11925","0.16666666666666666"
"11926","1.0"
"11927","0.5"
"11928","0.5"
"11929","0.25"
"11930","0.0"
"11931","0.25"
"11932","0.5"
"11933","0.3333333333333333"
"11934","1.0"
"11935","1.0"
"11936","0.0"
"11937","0.0"
"11938","0.6666666666666666"
"11939","1.0"
"11940","0.0"
"11941","0.3333333333333333"
"11942","1.0"
"11943","0.0"
"11944","0.25"
"11945","1.0"
"11946","1.0"
"11947","0.3333333333333333"
"11948","1.0"
"11949","0.25"
"11950","0.25"
"11951","0.5"
"11952","0.25"
"11953","0.3333333333333333"
"11954","0.0"
"11955","0.0"
"11956","0.5"
"11957","0.3333333333333333"
"11958",""
"11959","0.2"
"11960","0.0"
"11961","0.0"
"11962","0.25"
"11963","0.0"
"11964",""
"11965","0.0"
"11966","0.0"
"11967","0.0"
"11968",""
"11969","0.0"
"11970","0.0"
"11971",""
"11972","1.0"
"11973","0.3333333333333333"
"11974","0.25"
"11975",""
"11976","0.2"
"11977","0.0"
"11978","0.3333333333333333"
"11979","0.0"
"11980","0.5"
"11981","0.0"
"11982","0.5"
"11983",""
"11984","0.0"
"11985","0.3333333333333333"
"11986","0.3333333333333333"
"11987","0.3333333333333333"
"11988","1.0"
"11989","1.0"
"11990",""
"11991",""
"11992","0.4"
"11993","0.0"
"11994","1.0"
"11995","0.0"
"11996","0.4"
"11997",""
"11998","0.5"
"11999","0.0"
"12000","0.0"
"12001","0.14285714285714285"
"12002","1.0"
"12003","0.25"
"12004","0.0"
"12005","0.6666666666666666"
"12006",""
"12007","0.0"
"12008","0.5"
"12009","0.5"
"12010","0.5"
"12011",""
"12012","0.5"
"12013","0.0"
"12014","0.5"
"12015","0.0"
"12016","0.2"
"12017","1.0"
"12018","0.25"
"12019","0.0"
"12020","0.25"
"12021","0.5"
"12022","0.0"
"12023","0.6666666666666666"
"12024","0.25"
"12025",""
"12026","0.0"
"12027","1.0"
"12028","0.5"
"12029","0.0"
"12030","0.5"
"12031","1.0"
"12032","0.0"
"12033","0.0"
"12034",""
"12035","0.25"
"12036","0.0"
"12037","0.3333333333333333"
"12038","0.0"
"12039","0.25"
"12040","0.0"
"12041","1.0"
"12042","0.3333333333333333"
"12043","0.0"
"12044","0.16666666666666666"
"12045","0.0"
"12046",""
"12047","0.5"
"12048","0.2857142857142857"
"12049","0.0"
"12050","1.0"
"12051","0.6666666666666666"
"12052","0.3333333333333333"
"12053","0.25"
"12054","0.0"
"12055",""
"12056","0.3333333333333333"
"12057","0.5"
"12058","0.25"
"12059","0.0"
"12060","0.0"
"12061","0.0"
"12062","0.3333333333333333"
"12063","1.0"
"12064","1.0"
"12065","0.3333333333333333"
"12066","0.3333333333333333"
"12067","0.6666666666666666"
"12068","0.3333333333333333"
"12069","0.0"
"12070","0.0"
"12071","1.0"
"12072","0.6666666666666666"
"12073","0.3333333333333333"
"12074","0.25"
"12075","0.5"
"12076","0.0"
"12077","1.0"
"12078","1.0"
"12079","0.3333333333333333"
"12080","0.3333333333333333"
"12081","0.6666666666666666"
"12082","0.3333333333333333"
"12083","0.3333333333333333"
"12084","0.0"
"12085","0.3333333333333333"
"12086","0.0"
"12087","0.3333333333333333"
"12088","0.0"
"12089","0.5"
"12090","0.0"
"12091","0.5"
"12092",""
"12093","0.3333333333333333"
"12094","0.3333333333333333"
"12095","0.0"
"12096","0.16666666666666666"
"12097","0.25"
"12098","0.5"
"12099","0.3333333333333333"
"12100","0.5"
"12101","0.0"
"12102",""
"12103",""
"12104","1.0"
"12105",""
"12106","0.0"
"12107","0.5"
"12108","0.3333333333333333"
"12109","0.0"
"12110","0.0"
"12111","0.3333333333333333"
"12112","1.0"
"12113","0.2"
"12114","0.25"
"12115","0.0"
"12116","0.3333333333333333"
"12117",""
"12118","0.25"
"12119","0.5"
"12120","0.3333333333333333"
"12121",""
"12122","0.0"
"12123","0.25"
"12124","0.5"
"12125","0.0"
"12126",""
"12127","0.2"
"12128","0.25"
"12129","0.5"
"12130","0.5"
"12131","0.0"
"12132","1.0"
"12133","0.5"
"12134","0.0"
"12135","0.2"
"12136","0.5"
"12137","0.14285714285714285"
"12138","0.3333333333333333"
"12139",""
"12140",""
"12141","0.6666666666666666"
"12142","0.3333333333333333"
"12143","1.0"
"12144","0.5"
"12145","0.25"
"12146","0.5"
"12147","0.4"
"12148","0.3333333333333333"
"12149","0.0"
"12150",""
"12151","0.0"
"12152","1.0"
"12153","0.5"
"12154","0.5"
"12155","0.0"
"12156","0.5"
"12157","0.16666666666666666"
"12158","0.5"
"12159","0.3333333333333333"
"12160","0.3333333333333333"
"12161","0.1111111111111111"
"12162","0.0"
"12163","0.0"
"12164","0.3333333333333333"
"12165","0.3333333333333333"
"12166","0.6666666666666666"
"12167","0.2"
"12168","0.0"
"12169","0.0"
"12170","0.3333333333333333"
"12171","0.6"
"12172","0.5"
"12173","0.5"
"12174","0.0"
"12175",""
"12176",""
"12177","0.3333333333333333"
"12178","0.6666666666666666"
"12179","0.3333333333333333"
"12180","0.5"
"12181",""
"12182","0.0"
"12183","1.0"
"12184","0.0"
"12185","0.2"
"12186","1.0"
"12187","0.5"
"12188","1.0"
"12189","0.25"
"12190",""
"12191","0.25"
"12192","0.3333333333333333"
"12193","0.5"
"12194","0.5"
"12195","0.0"
"12196",""
"12197","0.0"
"12198","0.3333333333333333"
"12199","0.0"
"12200","0.0"
"12201","0.0"
"12202","0.0"
"12203",""
"12204","0.0"
"12205","1.0"
"12206","0.0"
"12207","0.5"
"12208","0.0"
"12209","0.2"
"12210","0.5"
"12211","0.3333333333333333"
"12212","0.2"
"12213","0.5"
"12214","1.0"
"12215","0.3333333333333333"
"12216","0.5"
"12217",""
"12218",""
"12219","0.3333333333333333"
"12220","0.3333333333333333"
"12221","0.2"
"12222","0.0"
"12223","0.0"
"12224",""
"12225","1.0"
"12226",""
"12227",""
"12228","0.0"
"12229","0.5"
"12230","0.5"
"12231",""
"12232","0.5"
"12233","0.3333333333333333"
"12234","1.0"
"12235","0.6666666666666666"
"12236","0.25"
"12237","0.5"
"12238",""
"12239","0.5"
"12240","0.0"
"12241","1.0"
"12242","0.2"
"12243","0.3333333333333333"
"12244","0.6666666666666666"
"12245","0.0"
"12246","0.0"
"12247","0.3333333333333333"
"12248","0.25"
"12249",""
"12250","0.5"
"12251","1.0"
"12252","1.0"
"12253","1.0"
"12254","0.0"
"12255","0.2857142857142857"
"12256","0.2857142857142857"
"12257",""
"12258","0.0"
"12259","0.5"
"12260",""
"12261","0.5"
"12262",""
"12263","0.0"
"12264","0.16666666666666666"
"12265","1.0"
"12266","0.0"
"12267","0.3333333333333333"
"12268","0.0"
"12269","1.0"
"12270","0.2857142857142857"
"12271","0.4"
"12272","0.3333333333333333"
"12273","0.2"
"12274","0.5"
"12275","0.3333333333333333"
"12276","0.5"
"12277","0.5"
"12278","1.0"
"12279","0.5"
"12280",""
"12281","1.0"
"12282","0.5"
"12283","1.0"
"12284","0.0"
"12285","0.3333333333333333"
"12286",""
"12287","0.6"
"12288","1.0"
"12289","0.3333333333333333"
"12290","1.0"
"12291","1.0"
"12292","0.0"
"12293","0.5"
"12294","0.5"
"12295","1.0"
"12296",""
"12297","0.3333333333333333"
"12298","0.5"
"12299","0.0"
"12300","0.3333333333333333"
"12301","0.6666666666666666"
"12302","0.5"
"12303","0.2857142857142857"
"12304","0.3333333333333333"
"12305","0.25"
"12306","1.0"
"12307",""
"12308","0.0"
"12309","0.5"
"12310",""
"12311","0.5"
"12312","0.25"
"12313","0.5"
"12314","0.3333333333333333"
"12315","0.4"
"12316","0.3333333333333333"
"12317","0.0"
"12318","0.5"
"12319","0.0"
"12320","1.0"
"12321","0.0"
"12322","0.5"
"12323","0.5"
"12324","0.3333333333333333"
"12325","1.0"
"12326",""
"12327","0.5"
"12328","0.3333333333333333"
"12329","0.0"
"12330","0.3333333333333333"
"12331","0.5"
"12332","0.25"
"12333",""
"12334","0.6666666666666666"
"12335","0.2"
"12336","0.5"
"12337","0.0"
"12338","0.25"
"12339","0.0"
"12340",""
"12341","0.0"
"12342","0.16666666666666666"
"12343","0.2857142857142857"
"12344","0.3333333333333333"
"12345","0.5"
"12346","0.2857142857142857"
"12347","1.0"
"12348","0.3333333333333333"
"12349","0.0"
"12350","0.5"
"12351","0.25"
"12352","0.25"
"12353","1.0"
"12354","0.3333333333333333"
"12355","0.0"
"12356",""
"12357","0.4"
"12358","0.3333333333333333"
"12359","0.0"
"12360",""
"12361","0.16666666666666666"
"12362","0.5"
"12363","0.0"
"12364","0.0"
"12365","0.0"
"12366","0.5"
"12367","0.0"
"12368","1.0"
"12369",""
"12370",""
"12371",""
"12372","0.5"
"12373",""
"12374",""
"12375","0.0"
"12376","0.5"
"12377",""
"12378","0.16666666666666666"
"12379","0.3333333333333333"
"12380",""
"12381","0.3333333333333333"
"12382","0.0"
"12383","1.0"
"12384","1.0"
"12385","0.0"
"12386","0.0"
"12387","0.4"
"12388","1.0"
"12389","0.0"
"12390","0.125"
"12391","0.6666666666666666"
"12392","0.5"
"12393","0.0"
"12394","0.3333333333333333"
"12395",""
"12396","0.0"
"12397","0.0"
"12398","0.0"
"12399","0.5"
"12400","0.0"
"12401","1.0"
"12402","0.3333333333333333"
"12403","1.0"
"12404",""
"12405","0.5"
"12406","0.5"
"12407","1.0"
"12408","0.0"
"12409","1.0"
"12410",""
"12411","0.3333333333333333"
"12412","0.0"
"12413","1.0"
"12414","0.5"
"12415","0.5"
"12416","0.0"
"12417","0.4"
"12418","0.0"
"12419","0.25"
"12420","0.5"
"12421","0.6666666666666666"
"12422","0.3333333333333333"
"12423",""
"12424","0.5"
"12425","1.0"
"12426","0.25"
"12427","1.0"
"12428","0.5"
"12429","0.2857142857142857"
"12430","0.5"
"12431",""
"12432","0.4"
"12433","0.0"
"12434","1.0"
"12435",""
"12436","0.5"
"12437","0.5"
"12438",""
"12439","0.0"
"12440","0.3333333333333333"
"12441","0.5"
"12442","0.0"
"12443","1.0"
"12444","0.25"
"12445","1.0"
"12446","0.0"
"12447","0.0"
"12448","0.0"
"12449",""
"12450","0.25"
"12451","0.3333333333333333"
"12452","0.5"
"12453","0.4"
"12454","0.0"
"12455","0.2"
"12456","0.3333333333333333"
"12457","0.5"
"12458","1.0"
"12459","0.5"
"12460","1.0"
"12461","0.0"
"12462",""
"12463","0.5"
"12464","0.5"
"12465","0.0"
"12466","0.5"
"12467","0.5"
"12468",""
"12469",""
"12470","0.0"
"12471","0.5"
"12472","1.0"
"12473","0.5"
"12474","0.0"
"12475","0.3333333333333333"
"12476","1.0"
"12477","0.3333333333333333"
"12478","0.5"
"12479","0.25"
"12480","1.0"
"12481","0.16666666666666666"
"12482","0.0"
"12483","0.5"
"12484","0.3333333333333333"
"12485","0.0"
"12486","0.3333333333333333"
"12487","0.25"
"12488","0.0"
"12489",""
"12490","0.25"
"12491","0.0"
"12492","0.3333333333333333"
"12493","1.0"
"12494","0.0"
"12495","0.2"
"12496","0.5"
"12497","1.0"
"12498","0.0"
"12499","0.3333333333333333"
"12500",""
"12501","1.0"
"12502","0.0"
"12503",""
"12504","0.0"
"12505","0.2857142857142857"
"12506",""
"12507","0.0"
"12508","0.3333333333333333"
"12509","1.0"
"12510","0.3333333333333333"
"12511",""
"12512","0.5"
"12513",""
"12514","0.3333333333333333"
"12515",""
"12516","0.3333333333333333"
"12517","0.0"
"12518","0.0"
"12519","0.2"
"12520","0.2"
"12521","0.5"
"12522","0.0"
"12523","0.5"
"12524","0.3333333333333333"
"12525","0.5"
"12526","0.5"
"12527","0.0"
"12528","1.0"
"12529","0.0"
"12530","1.0"
"12531",""
"12532","0.0"
"12533","0.5"
"12534","0.0"
"12535",""
"12536","0.5"
"12537","0.5"
"12538","0.0"
"12539",""
"12540","0.0"
"12541","0.6666666666666666"
"12542","0.0"
"12543","0.3333333333333333"
"12544","1.0"
"12545",""
"12546","0.0"
"12547","0.25"
"12548","0.5"
"12549","0.0"
"12550","0.0"
"12551",""
"12552","0.0"
"12553","0.0"
"12554","0.6666666666666666"
"12555","0.0"
"12556","1.0"
"12557","0.3333333333333333"
"12558","0.25"
"12559","0.25"
"12560","0.25"
"12561",""
"12562","1.0"
"12563","0.0"
"12564","0.0"
"12565","0.6666666666666666"
"12566","0.0"
"12567","0.0"
"12568","0.0"
"12569","0.14285714285714285"
"12570","0.0"
"12571",""
"12572",""
"12573",""
"12574","0.0"
"12575","0.0"
"12576","0.25"
"12577","0.6666666666666666"
"12578","0.25"
"12579",""
"12580","0.5"
"12581",""
"12582",""
"12583","0.3333333333333333"
"12584","0.0"
"12585","0.5"
"12586","0.3333333333333333"
"12587","0.5"
"12588","0.3333333333333333"
"12589","0.16666666666666666"
"12590","0.3333333333333333"
"12591",""
"12592","0.5"
"12593","0.0"
"12594","0.25"
"12595","0.2"
"12596","0.0"
"12597","0.5"
"12598","1.0"
"12599","1.0"
"12600","0.3333333333333333"
"12601","0.0"
"12602","0.0"
"12603","0.3333333333333333"
"12604","0.16666666666666666"
"12605","0.5"
"12606","0.3333333333333333"
"12607","0.5"
"12608","0.0"
"12609",""
"12610","0.0"
"12611","0.4"
"12612","0.25"
"12613","0.0"
"12614",""
"12615","0.0"
"12616","0.5"
"12617","0.16666666666666666"
"12618","0.0"
"12619",""
"12620","0.0"
"12621","0.5"
"12622","0.5"
"12623","0.0"
"12624",""
"12625","0.0"
"12626",""
"12627","0.2857142857142857"
"12628","0.0"
"12629",""
"12630","0.25"
"12631","0.3333333333333333"
"12632","0.4"
"12633","0.0"
"12634",""
"12635","0.3333333333333333"
"12636","0.0"
"12637","0.3333333333333333"
"12638","1.0"
"12639","0.5"
"12640",""
"12641","0.16666666666666666"
"12642",""
"12643","0.0"
"12644","0.5"
"12645","0.3333333333333333"
"12646","0.3333333333333333"
"12647","1.0"
"12648","0.0"
"12649","0.5"
"12650","0.5"
"12651","0.0"
"12652","0.2857142857142857"
"12653",""
"12654","0.0"
"12655","0.0"
"12656",""
"12657","0.25"
"12658","0.25"
"12659","0.5"
"12660","0.0"
"12661",""
"12662","0.0"
"12663",""
"12664","0.0"
"12665","0.3333333333333333"
"12666","0.5"
"12667","0.25"
"12668","0.0"
"12669","0.3333333333333333"
"12670","0.5"
"12671","0.25"
"12672","0.25"
"12673","0.5"
"12674","0.0"
"12675","0.4"
"12676","0.5"
"12677","0.25"
"12678","0.0"
"12679","0.5"
"12680","0.3333333333333333"
"12681","0.2"
"12682","0.0"
"12683","0.0"
"12684","0.5"
"12685","0.3333333333333333"
"12686","0.0"
"12687","0.0"
"12688","0.2"
"12689","0.0"
"12690","1.0"
"12691",""
"12692","0.5"
"12693","0.0"
"12694","1.0"
"12695","0.0"
"12696","1.0"
"12697",""
"12698","0.0"
"12699","0.0"
"12700","0.0"
"12701","1.0"
"12702",""
"12703","0.5"
"12704","0.6666666666666666"
"12705","0.3333333333333333"
"12706","0.0"
"12707","0.0"
"12708",""
"12709","0.0"
"12710",""
"12711","0.2"
"12712","0.3333333333333333"
"12713","0.0"
"12714","0.25"
"12715","0.0"
"12716","0.5"
"12717","0.2"
"12718","0.5"
"12719","0.3333333333333333"
"12720","0.5"
"12721","0.5"
"12722","1.0"
"12723","0.0"
"12724","0.3333333333333333"
"12725","0.0"
"12726","0.0"
"12727","0.0"
"12728","0.5"
"12729","0.0"
"12730","0.2"
"12731",""
"12732","0.0"
"12733","0.3333333333333333"
"12734","0.25"
"12735","0.6666666666666666"
"12736","0.0"
"12737","0.25"
"12738","0.5"
"12739","0.5"
"12740","0.0"
"12741","0.0"
"12742","0.0"
"12743","0.3333333333333333"
"12744","0.0"
"12745","0.3333333333333333"
"12746","0.3333333333333333"
"12747","0.5"
"12748","0.5"
"12749","0.0"
"12750","0.5"
"12751","0.0"
"12752","0.5"
"12753","0.6666666666666666"
"12754","0.0"
"12755","0.25"
"12756","0.3333333333333333"
"12757","0.0"
"12758","0.5"
"12759","0.5"
"12760","0.0"
"12761",""
"12762","0.0"
"12763",""
"12764","0.25"
"12765","1.0"
"12766","0.5"
"12767",""
"12768","1.0"
"12769","0.25"
"12770","0.0"
"12771","0.0"
"12772","1.0"
"12773","0.0"
"12774","0.0"
"12775","0.3333333333333333"
"12776","0.0"
"12777","0.4"
"12778","0.4"
"12779","0.0"
"12780","1.0"
"12781","0.5"
"12782","0.5"
"12783","0.0"
"12784","1.0"
"12785","0.0"
"12786","0.0"
"12787","0.0"
"12788","0.3333333333333333"
"12789","0.0"
"12790","0.0"
"12791",""
"12792","1.0"
"12793","0.2"
"12794","0.2"
"12795","1.0"
"12796","0.4"
"12797","1.0"
"12798","0.0"
"12799",""
"12800","0.0"
"12801","0.0"
"12802","0.0"
"12803","0.2857142857142857"
"12804","0.5"
"12805","0.5"
"12806","0.0"
"12807","1.0"
"12808","0.3333333333333333"
"12809","1.0"
"12810","0.3333333333333333"
"12811","1.0"
"12812","0.5"
"12813","0.0"
"12814","0.5"
"12815","0.25"
"12816","0.4"
"12817","0.0"
"12818","0.3333333333333333"
"12819","0.3333333333333333"
"12820","0.3333333333333333"
"12821","0.25"
"12822","0.0"
"12823","0.2"
"12824","0.3333333333333333"
"12825",""
"12826",""
"12827",""
"12828","0.25"
"12829","0.25"
"12830","0.2"
"12831","1.0"
"12832","0.3333333333333333"
"12833","0.0"
"12834",""
"12835","0.5"
"12836",""
"12837","0.3333333333333333"
"12838",""
"12839","0.5"
"12840","0.0"
"12841",""
"12842","0.5"
"12843","0.3333333333333333"
"12844",""
"12845",""
"12846",""
"12847","0.6666666666666666"
"12848","1.0"
"12849",""
"12850","0.0"
"12851","0.0"
"12852","0.3333333333333333"
"12853",""
"12854","0.0"
"12855",""
"12856","0.3333333333333333"
"12857","1.0"
"12858",""
"12859","0.0"
"12860","0.0"
"12861","0.5"
"12862","0.0"
"12863","0.16666666666666666"
"12864","0.0"
"12865","0.5"
"12866",""
"12867","0.0"
"12868","0.0"
"12869","0.4"
"12870","0.5"
"12871","0.5"
"12872","0.5"
"12873","0.25"
"12874","0.3333333333333333"
"12875","0.25"
"12876","0.0"
"12877",""
"12878","0.25"
"12879","0.5"
"12880","0.3333333333333333"
"12881","0.5"
"12882","0.25"
"12883","0.0"
"12884","1.0"
"12885","0.0"
"12886",""
"12887","1.0"
"12888","0.0"
"12889",""
"12890","0.2"
"12891","0.5"
"12892",""
"12893","0.5"
"12894","0.0"
"12895","0.5"
"12896","0.0"
"12897","0.0"
"12898","0.3333333333333333"
"12899","0.5"
"12900",""
"12901","1.0"
"12902","0.3333333333333333"
"12903","0.5"
"12904","0.5"
"12905","0.0"
"12906","0.5"
"12907","0.3333333333333333"
"12908","0.4"
"12909","0.6666666666666666"
"12910","1.0"
"12911","0.16666666666666666"
"12912","0.0"
"12913","0.0"
"12914","0.0"
"12915",""
"12916","0.5"
"12917","0.0"
"12918","0.0"
"12919",""
"12920","1.0"
"12921","0.0"
"12922","0.0"
"12923","0.0"
"12924","0.4"
"12925","1.0"
"12926","0.25"
"12927","0.3333333333333333"
"12928","0.0"
"12929","0.5"
"12930","0.3333333333333333"
"12931","0.3333333333333333"
"12932","0.5"
"12933","0.25"
"12934",""
"12935","0.0"
"12936","0.0"
"12937","0.0"
"12938","1.0"
"12939","0.0"
"12940","0.3333333333333333"
"12941","1.0"
"12942","0.25"
"12943","1.0"
"12944","1.0"
"12945","0.0"
"12946","0.0"
"12947","0.4"
"12948","0.6666666666666666"
"12949","0.0"
"12950","0.0"
"12951","0.0"
"12952",""
"12953","0.0"
"12954","0.2"
"12955","0.2"
"12956","0.5"
"12957","0.25"
"12958","0.3333333333333333"
"12959","0.0"
"12960","0.5"
"12961","0.6666666666666666"
"12962","1.0"
"12963","0.0"
"12964","0.5"
"12965","0.0"
"12966","0.25"
"12967",""
"12968","0.5"
"12969","0.5"
"12970","1.0"
"12971","0.6666666666666666"
"12972","0.3333333333333333"
"12973","0.5"
"12974","0.5"
"12975","0.3333333333333333"
"12976","0.2857142857142857"
"12977","0.2"
"12978","0.0"
"12979","0.2"
"12980",""
"12981","0.5"
"12982","0.25"
"12983","0.6666666666666666"
"12984","0.3333333333333333"
"12985","0.3333333333333333"
"12986","0.4"
"12987","1.0"
"12988","0.5"
"12989","0.25"
"12990","0.0"
"12991","0.5"
"12992","1.0"
"12993","0.0"
"12994","0.0"
"12995","0.5"
"12996","0.5"
"12997","0.0"
"12998","0.0"
"12999","0.0"
"13000","0.0"
"13001",""
"13002","0.0"
"13003","0.0"
"13004","0.0"
"13005","0.0"
"13006","0.5"
"13007","0.0"
"13008","0.0"
"13009","0.5"
"13010",""
"13011","0.0"
"13012","0.3333333333333333"
"13013","0.0"
"13014","0.0"
"13015","0.6666666666666666"
"13016","0.0"
"13017","0.0"
"13018","1.0"
"13019",""
"13020","0.25"
"13021",""
"13022","0.3333333333333333"
"13023","0.5"
"13024","0.3333333333333333"
"13025","0.25"
"13026","0.25"
"13027","0.3333333333333333"
"13028","0.0"
"13029","0.0"
"13030","0.0"
"13031","1.0"
"13032","0.0"
"13033","0.0"
"13034",""
"13035","0.0"
"13036","0.5"
"13037","1.0"
"13038",""
"13039","0.6666666666666666"
"13040","0.0"
"13041",""
"13042","0.0"
"13043","0.2"
"13044",""
"13045","0.3333333333333333"
"13046","0.25"
"13047","0.3333333333333333"
"13048","0.0"
"13049","0.6666666666666666"
"13050","0.0"
"13051","0.0"
"13052",""
"13053","0.5"
"13054","0.0"
"13055","0.25"
"13056","0.0"
"13057","0.3333333333333333"
"13058","0.0"
"13059","0.0"
"13060","0.16666666666666666"
"13061","0.4"
"13062","0.3333333333333333"
"13063","0.0"
"13064","0.3333333333333333"
"13065","0.16666666666666666"
"13066","0.3333333333333333"
"13067","0.5"
"13068","0.0"
"13069","0.0"
"13070","0.5"
"13071","0.25"
"13072","0.0"
"13073","0.0"
"13074","1.0"
"13075",""
"13076",""
"13077","0.3333333333333333"
"13078","0.0"
"13079","0.3333333333333333"
"13080","0.5"
"13081","0.375"
"13082","0.6666666666666666"
"13083","0.0"
"13084","0.5"
"13085",""
"13086","0.0"
"13087","0.25"
"13088","0.3333333333333333"
"13089","0.0"
"13090",""
"13091","0.0"
"13092","0.5"
"13093","0.0"
"13094","0.0"
"13095",""
"13096","0.0"
"13097",""
"13098","1.0"
"13099","0.1111111111111111"
"13100",""
"13101","0.5"
"13102","0.25"
"13103","0.5"
"13104","0.6666666666666666"
"13105","0.0"
"13106","0.5"
"13107",""
"13108","0.0"
"13109","0.0"
"13110","0.25"
"13111","0.0"
"13112","0.5"
"13113","0.4"
"13114","0.0"
"13115","0.0"
"13116",""
"13117","0.0"
"13118","0.0"
"13119","0.25"
"13120","1.0"
"13121","0.2"
"13122","0.0"
"13123","0.5"
"13124",""
"13125","0.0"
"13126","1.0"
"13127","0.25"
"13128","1.0"
"13129","0.3333333333333333"
"13130","0.5"
"13131","0.0"
"13132",""
"13133","0.0"
"13134","0.4"
"13135","1.0"
"13136","0.5"
"13137",""
"13138","1.0"
"13139","0.0"
"13140",""
"13141","0.0"
"13142","0.25"
"13143","0.0"
"13144",""
"13145","0.25"
"13146","0.0"
"13147","0.5"
"13148","0.3333333333333333"
"13149","0.2"
"13150","0.0"
"13151",""
"13152","1.0"
"13153","0.5"
"13154","0.0"
"13155","0.3333333333333333"
"13156","0.6666666666666666"
"13157","0.25"
"13158","0.0"
"13159","0.0"
"13160","0.5"
"13161","0.5"
"13162","0.3333333333333333"
"13163","0.2857142857142857"
"13164",""
"13165","0.25"
"13166","0.5"
"13167","0.0"
"13168","1.0"
"13169","0.3333333333333333"
"13170","0.3333333333333333"
"13171","0.0"
"13172","0.5"
"13173","0.6666666666666666"
"13174","0.0"
"13175","0.0"
"13176",""
"13177","1.0"
"13178","0.0"
"13179","0.0"
"13180","0.3333333333333333"
"13181","0.5"
"13182","0.0"
"13183","0.2"
"13184","0.5"
"13185","0.25"
"13186",""
"13187","0.0"
"13188",""
"13189","0.0"
"13190","0.0"
"13191","0.3333333333333333"
"13192","0.0"
"13193","1.0"
"13194","0.0"
"13195","1.0"
"13196","0.5"
"13197","0.0"
"13198","0.3333333333333333"
"13199","0.0"
"13200","0.0"
"13201","0.0"
"13202","0.2"
"13203","0.3333333333333333"
"13204","0.0"
"13205","0.5"
"13206","0.0"
"13207","0.5"
"13208","1.0"
"13209","0.0"
"13210",""
"13211","0.0"
"13212","0.3333333333333333"
"13213",""
"13214",""
"13215","0.0"
"13216","0.3333333333333333"
"13217","0.5"
"13218","0.6666666666666666"
"13219",""
"13220","0.5"
"13221","0.2"
"13222","0.25"
"13223","0.5"
"13224","1.0"
"13225","0.2"
"13226","0.3333333333333333"
"13227","0.0"
"13228","0.0"
"13229",""
"13230","0.0"
"13231","0.6666666666666666"
"13232","0.0"
"13233","0.4"
"13234","1.0"
"13235","0.5"
"13236","0.2"
"13237",""
"13238","0.4"
"13239","0.3333333333333333"
"13240","1.0"
"13241","0.0"
"13242","0.6666666666666666"
"13243","1.0"
"13244","0.0"
"13245","0.25"
"13246","0.0"
"13247","0.0"
"13248","0.5"
"13249","0.3333333333333333"
"13250","0.0"
"13251","0.0"
"13252",""
