"10000","1.0"
"10001","1.0"
"10002","1.0"
"10003","0.6666666666666666"
"10004","1.0"
"10005",""
"10006","0.0"
"10007","1.0"
"10008","1.0"
"10009","1.0"
"10010","1.0"
"10011",""
"10012","0.0"
"10013",""
"10014","1.0"
"10015","0.0"
"10016","1.0"
"10017","1.0"
"10018","1.0"
"10019","1.0"
"10020","1.0"
"10021",""
"10022","1.0"
"10023",""
"10024","0.6666666666666666"
"10025","0.0"
"10026","0.5"
"10027","1.0"
"10028",""
"10029","0.0"
"10030","0.5"
"10031","0.0"
"10032","1.0"
"10033","1.0"
"10034","1.0"
"10035","0.4"
"10036","0.6666666666666666"
"10037","0.6666666666666666"
"10038","1.0"
"10039","1.0"
"10040","1.0"
"10041","0.6666666666666666"
"10042","1.0"
"10043","1.0"
"10044","0.6666666666666666"
"10045","0.6666666666666666"
"10046","1.0"
"10047",""
"10048","1.0"
"10049",""
"10050","0.0"
"10051","1.0"
"10052","1.0"
"10053","0.0"
"10054","0.0"
"10055","1.0"
"10056","1.0"
"10057","0.0"
"10058","1.0"
"10059",""
"10060","1.0"
"10061","0.0"
"10062","0.0"
"10063","0.0"
"10064","1.0"
"10065",""
"10066","0.5"
"10067","0.6666666666666666"
"10068",""
"10069","0.0"
"10070","1.0"
"10071",""
"10072","1.0"
"10073","1.0"
"10074","0.6666666666666666"
"10075","1.0"
"10076",""
"10077",""
"10078","0.0"
"10079","0.0"
"10080","1.0"
"10081","0.6666666666666666"
"10082","1.0"
"10083","1.0"
"10084","0.5"
"10085","1.0"
"10086","1.0"
"10087","1.0"
"10088",""
"10089","0.6666666666666666"
"10090","0.0"
"10091","0.0"
"10092","1.0"
"10093","1.0"
"10094","1.0"
"10095",""
"10096","1.0"
"10097","1.0"
"10098","1.0"
"10099","0.6666666666666666"
"10100","0.0"
"10101","1.0"
"10102","0.0"
"10103","0.6666666666666666"
"10104","0.0"
"10105",""
"10106","1.0"
"10107","1.0"
"10108","1.0"
"10109","0.5"
"10110","1.0"
"10111",""
"10112",""
"10113","0.6666666666666666"
"10114",""
"10115","0.0"
"10116","1.0"
"10117","1.0"
"10118",""
"10119","0.5"
"10120","1.0"
"10121","1.0"
"10122",""
"10123","1.0"
"10124","1.0"
"10125","1.0"
"10126","1.0"
"10127","0.6666666666666666"
"10128",""
"10129","0.0"
"10130","0.8"
"10131","1.0"
"10132","0.6666666666666666"
"10133","0.0"
"10134","1.0"
"10135","1.0"
"10136","0.6666666666666666"
"10137","0.0"
"10138","1.0"
"10139","1.0"
"10140","0.0"
"10141","1.0"
"10142","1.0"
"10143","1.0"
"10144","0.6666666666666666"
"10145","0.0"
"10146","1.0"
"10147","0.0"
"10148","0.0"
"10149","0.0"
"10150","1.0"
"10151",""
"10152","0.6666666666666666"
"10153","1.0"
"10154","0.6666666666666666"
"10155","1.0"
"10156","1.0"
"10157","1.0"
"10158","0.6666666666666666"
"10159","0.6666666666666666"
"10160","1.0"
"10161","0.6666666666666666"
"10162",""
"10163","1.0"
"10164","0.0"
"10165","1.0"
"10166","0.6666666666666666"
"10167",""
"10168","1.0"
"10169","1.0"
"10170","0.0"
"10171","0.0"
"10172",""
"10173","1.0"
"10174","0.4"
"10175","0.0"
"10176","1.0"
"10177","0.6666666666666666"
"10178","1.0"
"10179","1.0"
"10180","1.0"
"10181","0.6666666666666666"
"10182","0.4"
"10183","1.0"
"10184","1.0"
"10185","1.0"
"10186",""
"10187",""
"10188","1.0"
"10189","0.6666666666666666"
"10190","1.0"
"10191","0.6666666666666666"
"10192","1.0"
"10193",""
"10194",""
"10195",""
"10196","1.0"
"10197","1.0"
"10198",""
"10199","0.6666666666666666"
"10200",""
"10201","1.0"
"10202","1.0"
"10203","1.0"
"10204","1.0"
"10205","0.0"
"10206","1.0"
"10207","0.0"
"10208",""
"10209",""
"10210","0.0"
"10211","1.0"
"10212","1.0"
"10213",""
"10214","1.0"
"10215","1.0"
"10216","0.6666666666666666"
"10217","0.0"
"10218","1.0"
"10219","1.0"
"10220","0.6666666666666666"
"10221","0.0"
"10222","0.6666666666666666"
"10223","0.8"
"10224","0.0"
"10225","0.0"
"10226","1.0"
"10227","1.0"
"10228","1.0"
"10229",""
"10230",""
"10231",""
"10232","0.5"
"10233","1.0"
"10234","0.0"
"10235","1.0"
"10236","0.5"
"10237","0.0"
"10238","0.0"
"10239","0.0"
"10240","0.6666666666666666"
"10241",""
"10242","0.6666666666666666"
"10243",""
"10244","1.0"
"10245","1.0"
"10246","0.4"
"10247","1.0"
"10248","1.0"
"10249",""
"10250","1.0"
"10251","1.0"
"10252","1.0"
"10253","0.0"
"10254","1.0"
"10255","1.0"
"10256","0.6666666666666666"
"10257","1.0"
"10258","1.0"
"10259","0.0"
"10260","1.0"
"10261","1.0"
"10262","0.4"
"10263","0.3333333333333333"
"10264","1.0"
"10265","1.0"
"10266",""
"10267","0.0"
"10268","0.0"
"10269","1.0"
"10270",""
"10271",""
"10272","1.0"
"10273","1.0"
"10274",""
"10275",""
"10276","0.6666666666666666"
"10277","1.0"
"10278","0.4"
"10279","1.0"
"10280","1.0"
"10281","1.0"
"10282",""
"10283","1.0"
"10284","1.0"
"10285","1.0"
"10286","1.0"
"10287","1.0"
"10288",""
"10289","0.4"
"10290","0.0"
"10291","0.0"
"10292","0.0"
"10293","0.0"
"10294","1.0"
"10295",""
"10296","0.6666666666666666"
"10297","0.6666666666666666"
"10298","0.0"
"10299","0.8"
"10300",""
"10301","1.0"
"10302","1.0"
"10303","1.0"
"10304","0.5"
"10305","0.6666666666666666"
"10306","0.0"
"10307","1.0"
"10308","0.6666666666666666"
"10309","1.0"
"10310","0.0"
"10311","0.0"
"10312","0.0"
"10313","0.0"
"10314","1.0"
"10315","1.0"
"10316","1.0"
"10317","1.0"
"10318","1.0"
"10319","1.0"
"10320","0.5"
"10321","1.0"
"10322",""
"10323","0.6666666666666666"
"10324","0.0"
"10325","0.0"
"10326","0.5"
"10327","0.8"
"10328","1.0"
"10329","1.0"
"10330","0.6666666666666666"
"10331","1.0"
"10332","0.6666666666666666"
"10333","0.5"
"10334",""
"10335","0.0"
"10336","0.6666666666666666"
"10337","0.0"
"10338",""
"10339","0.0"
"10340","0.0"
"10341",""
"10342","1.0"
"10343","0.0"
"10344","1.0"
"10345","1.0"
"10346",""
"10347","1.0"
"10348",""
"10349","1.0"
"10350","1.0"
"10351","1.0"
"10352","1.0"
"10353","1.0"
"10354","0.5"
"10355","1.0"
"10356","0.5"
"10357","0.0"
"10358","1.0"
"10359","1.0"
"10360","1.0"
"10361","1.0"
"10362","0.0"
"10363","0.8"
"10364",""
"10365","1.0"
"10366","1.0"
"10367","1.0"
"10368","1.0"
"10369","1.0"
"10370",""
"10371","1.0"
"10372","1.0"
"10373","1.0"
"10374","0.5"
"10375","1.0"
"10376","1.0"
"10377",""
"10378",""
"10379","1.0"
"10380",""
"10381",""
"10382","0.6666666666666666"
"10383","0.0"
"10384","0.6666666666666666"
"10385","1.0"
"10386",""
"10387",""
"10388","1.0"
"10389","0.0"
"10390",""
"10391","0.0"
"10392","0.0"
"10393","0.0"
"10394","1.0"
"10395",""
"10396","0.4"
"10397","1.0"
"10398","1.0"
"10399","0.0"
"10400","1.0"
"10401","0.6666666666666666"
"10402","0.0"
"10403","1.0"
"10404","1.0"
"10405","0.6666666666666666"
"10406","0.0"
"10407","1.0"
"10408","1.0"
"10409","1.0"
"10410","0.0"
"10411",""
"10412","0.0"
"10413","0.6666666666666666"
"10414","1.0"
"10415","0.0"
"10416","0.4"
"10417","0.0"
"10418","0.0"
"10419","0.6666666666666666"
"10420","0.6666666666666666"
"10421",""
"10422","1.0"
"10423","1.0"
"10424",""
"10425","0.6666666666666666"
"10426","0.6666666666666666"
"10427","1.0"
"10428","1.0"
"10429",""
"10430","1.0"
"10431","1.0"
"10432",""
"10433","0.6666666666666666"
"10434",""
"10435","0.0"
"10436","0.28571428571428575"
"10437","0.6666666666666666"
"10438","0.0"
"10439",""
"10440","0.0"
"10441","0.6666666666666666"
"10442","0.6666666666666666"
"10443","1.0"
"10444",""
"10445","1.0"
"10446",""
"10447",""
"10448","0.5"
"10449","1.0"
"10450","0.0"
"10451","1.0"
"10452","1.0"
"10453","0.0"
"10454","1.0"
"10455","1.0"
"10456","0.5"
"10457","0.6666666666666666"
"10458","1.0"
"10459","1.0"
"10460","0.0"
"10461","0.0"
"10462","1.0"
"10463","1.0"
"10464","0.6666666666666666"
"10465","1.0"
"10466","0.0"
"10467",""
"10468","1.0"
"10469","0.6666666666666666"
"10470","1.0"
"10471","0.6666666666666666"
"10472","1.0"
"10473",""
"10474","0.5"
"10475",""
"10476",""
"10477","0.0"
"10478","0.6666666666666666"
"10479","1.0"
"10480","0.5"
"10481",""
"10482","1.0"
"10483","1.0"
"10484","1.0"
"10485",""
"10486",""
"10487","1.0"
"10488","0.0"
"10489","1.0"
"10490","0.0"
"10491","1.0"
"10492","1.0"
"10493","1.0"
"10494","0.6666666666666666"
"10495","0.5"
"10496","0.6666666666666666"
"10497","0.0"
"10498","0.6666666666666666"
"10499","0.0"
"10500",""
"10501",""
"10502","1.0"
"10503","1.0"
"10504","1.0"
"10505","0.0"
"10506","0.0"
"10507","0.0"
"10508","0.5"
"10509","1.0"
"10510",""
"10511","0.6666666666666666"
"10512","1.0"
"10513","0.0"
"10514","0.6666666666666666"
"10515","1.0"
"10516","0.6666666666666666"
"10517","0.0"
"10518","1.0"
"10519",""
"10520","1.0"
"10521","1.0"
"10522","1.0"
"10523","1.0"
"10524","1.0"
"10525","0.0"
"10526",""
"10527","0.6666666666666666"
"10528","1.0"
"10529","0.0"
"10530","1.0"
"10531","0.6666666666666666"
"10532","1.0"
"10533",""
"10534","1.0"
"10535","1.0"
"10536","0.0"
"10537","1.0"
"10538","0.0"
"10539","0.0"
"10540","1.0"
"10541",""
"10542","0.0"
"10543","1.0"
"10544",""
"10545","0.6666666666666666"
"10546","0.6666666666666666"
"10547","0.0"
"10548","1.0"
"10549","0.6666666666666666"
"10550","0.5714285714285715"
"10551","0.5"
"10552","0.8"
"10553","0.0"
"10554","1.0"
"10555","1.0"
"10556","1.0"
"10557","1.0"
"10558",""
"10559","0.8571428571428571"
"10560","1.0"
"10561","0.0"
"10562","0.5"
"10563","1.0"
"10564","0.6666666666666666"
"10565","1.0"
"10566",""
"10567","1.0"
"10568","1.0"
"10569","1.0"
"10570","0.6666666666666666"
"10571","0.5"
"10572","1.0"
"10573","1.0"
"10574","1.0"
"10575","1.0"
"10576","0.0"
"10577","1.0"
"10578","1.0"
"10579","1.0"
"10580",""
"10581","0.5"
"10582","1.0"
"10583","0.0"
"10584","0.5"
"10585","0.5"
"10586","1.0"
"10587","1.0"
"10588","0.6666666666666666"
"10589","0.0"
"10590","1.0"
"10591","0.0"
"10592","1.0"
"10593","1.0"
"10594","1.0"
"10595",""
"10596","0.6666666666666666"
"10597","0.6666666666666666"
"10598","1.0"
"10599","1.0"
"10600","0.0"
"10601","1.0"
"10602",""
"10603",""
"10604","0.0"
"10605","0.0"
"10606","0.6666666666666666"
"10607",""
"10608","0.6666666666666666"
"10609","0.6666666666666666"
"10610","1.0"
"10611","0.0"
"10612",""
"10613",""
"10614","0.0"
"10615","1.0"
"10616","0.6666666666666666"
"10617","0.5"
"10618",""
"10619",""
"10620","0.6666666666666666"
"10621","1.0"
"10622","0.0"
"10623","0.6666666666666666"
"10624","1.0"
"10625","1.0"
"10626","1.0"
"10627","0.6666666666666666"
"10628","1.0"
"10629","1.0"
"10630","0.0"
"10631","0.0"
"10632","0.0"
"10633",""
"10634","0.0"
"10635","1.0"
"10636","1.0"
"10637","1.0"
"10638","1.0"
"10639","0.0"
"10640","0.6666666666666666"
"10641","1.0"
"10642","0.6666666666666666"
"10643","0.6666666666666666"
"10644","1.0"
"10645",""
"10646",""
"10647","0.6666666666666666"
"10648","1.0"
"10649","1.0"
"10650","1.0"
"10651",""
"10652","1.0"
"10653","0.0"
"10654","1.0"
"10655","1.0"
"10656","0.0"
"10657","1.0"
"10658","0.0"
"10659","1.0"
"10660","1.0"
"10661","1.0"
"10662","1.0"
"10663","0.5"
"10664","1.0"
"10665","0.0"
"10666","1.0"
"10667","1.0"
"10668","0.5"
"10669","1.0"
"10670","1.0"
"10671","1.0"
"10672","0.0"
"10673",""
"10674","1.0"
"10675","0.0"
"10676","1.0"
"10677",""
"10678","1.0"
"10679","1.0"
"10680",""
"10681",""
"10682","1.0"
"10683","1.0"
"10684","1.0"
"10685","1.0"
"10686","1.0"
"10687","0.0"
"10688","0.0"
"10689",""
"10690","0.6666666666666666"
"10691","0.6666666666666666"
"10692","1.0"
"10693","0.0"
"10694","0.0"
"10695","1.0"
"10696","0.6666666666666666"
"10697","1.0"
"10698","1.0"
"10699","0.0"
"10700","1.0"
"10701","1.0"
"10702","1.0"
"10703","1.0"
"10704","1.0"
"10705","0.5"
"10706",""
"10707","0.5"
"10708","1.0"
"10709","1.0"
"10710","1.0"
"10711","1.0"
"10712","0.6666666666666666"
"10713","0.0"
"10714","0.8"
"10715","1.0"
"10716","1.0"
"10717","1.0"
"10718","1.0"
"10719",""
"10720","1.0"
"10721","1.0"
"10722","1.0"
"10723",""
"10724",""
"10725",""
"10726","0.6666666666666666"
"10727",""
"10728","0.0"
"10729","0.0"
"10730","1.0"
"10731",""
"10732","0.6666666666666666"
"10733","0.6666666666666666"
"10734","0.0"
"10735","0.0"
"10736","1.0"
"10737","0.0"
"10738","1.0"
"10739","0.5"
"10740","0.5"
"10741","1.0"
"10742","1.0"
"10743","1.0"
"10744","0.0"
"10745","1.0"
"10746","1.0"
"10747","1.0"
"10748","1.0"
"10749","0.6666666666666666"
"10750",""
"10751","1.0"
"10752","1.0"
"10753","1.0"
"10754","1.0"
"10755","0.0"
"10756","1.0"
"10757","0.6666666666666666"
"10758","0.6666666666666666"
"10759","0.6666666666666666"
"10760","0.6666666666666666"
"10761","0.0"
"10762","0.4"
"10763","1.0"
"10764","1.0"
"10765","0.6666666666666666"
"10766","0.5"
"10767","0.6666666666666666"
"10768","0.0"
"10769","0.0"
"10770","1.0"
"10771","0.0"
"10772",""
"10773","0.6666666666666666"
"10774","1.0"
"10775","1.0"
"10776","0.0"
"10777","1.0"
"10778","0.5"
"10779","1.0"
"10780","0.5"
"10781","1.0"
"10782","0.0"
"10783","1.0"
"10784","0.5"
"10785","1.0"
"10786","1.0"
"10787","0.4"
"10788","1.0"
"10789","0.0"
"10790","1.0"
"10791","0.6666666666666666"
"10792","0.0"
"10793",""
"10794","1.0"
"10795",""
"10796","1.0"
"10797","1.0"
"10798","0.6666666666666666"
"10799","1.0"
"10800","0.0"
"10801","1.0"
"10802","0.0"
"10803","1.0"
"10804","0.0"
"10805","0.6666666666666666"
"10806","0.6666666666666666"
"10807",""
"10808","0.0"
"10809","1.0"
"10810","0.5"
"10811","0.6666666666666666"
"10812","0.0"
"10813","0.0"
"10814","1.0"
"10815","0.0"
"10816","1.0"
"10817","0.6666666666666666"
"10818","0.0"
"10819","0.5"
"10820","1.0"
"10821","0.6666666666666666"
"10822","0.6666666666666666"
"10823","0.6666666666666666"
"10824","0.6666666666666666"
"10825","0.5"
"10826","0.0"
"10827","1.0"
"10828","0.6666666666666666"
"10829","1.0"
"10830","0.6666666666666666"
"10831","0.0"
"10832","0.0"
"10833","1.0"
"10834","1.0"
"10835","1.0"
"10836","1.0"
"10837","0.0"
"10838","1.0"
"10839","0.4"
"10840","1.0"
"10841","1.0"
"10842","1.0"
"10843","1.0"
"10844","1.0"
"10845","0.6666666666666666"
"10846","0.0"
"10847","1.0"
"10848",""
"10849","1.0"
"10850","0.0"
"10851","0.8571428571428571"
"10852","0.5"
"10853","0.6666666666666666"
"10854","1.0"
"10855","0.0"
"10856","0.0"
"10857","0.0"
"10858","0.8"
"10859","0.5"
"10860","1.0"
"10861","1.0"
"10862","1.0"
"10863","1.0"
"10864",""
"10865","0.5"
"10866","1.0"
"10867","1.0"
"10868","0.0"
"10869","0.8"
"10870","1.0"
"10871","0.5"
"10872","1.0"
"10873","0.0"
"10874","0.0"
"10875","1.0"
"10876","1.0"
"10877","0.8"
"10878","1.0"
"10879","0.5"
"10880","0.5"
"10881","0.0"
"10882","0.0"
"10883","1.0"
"10884",""
"10885",""
"10886","0.6666666666666666"
"10887",""
"10888","0.0"
"10889","1.0"
"10890","1.0"
"10891","1.0"
"10892","0.6666666666666666"
"10893","0.0"
"10894","1.0"
"10895","0.5"
"10896","1.0"
"10897","1.0"
"10898","1.0"
"10899","0.6666666666666666"
"10900","1.0"
"10901","0.0"
"10902","1.0"
"10903","1.0"
"10904","0.6666666666666666"
"10905","1.0"
"10906","0.5"
"10907",""
"10908",""
"10909",""
"10910","1.0"
"10911","0.6666666666666666"
"10912","1.0"
"10913","1.0"
"10914","1.0"
"10915",""
"10916","1.0"
"10917","1.0"
"10918","0.6666666666666666"
"10919","0.0"
"10920","1.0"
"10921","1.0"
"10922","0.6666666666666666"
"10923",""
"10924",""
"10925","1.0"
"10926","1.0"
"10927","1.0"
"10928","0.6666666666666666"
"10929","0.6666666666666666"
"10930","0.0"
"10931","0.6666666666666666"
"10932","1.0"
"10933","1.0"
"10934","0.6666666666666666"
"10935","1.0"
"10936","1.0"
"10937","0.6666666666666666"
"10938",""
"10939",""
"10940","1.0"
"10941","0.0"
"10942","0.0"
"10943","0.6666666666666666"
"10944","0.6666666666666666"
"10945","1.0"
"10946","1.0"
"10947","1.0"
"10948","1.0"
"10949","0.0"
"10950","0.0"
"10951","0.0"
"10952","1.0"
"10953","1.0"
"10954","0.8"
"10955",""
"10956","1.0"
"10957","1.0"
"10958","0.6666666666666666"
"10959","1.0"
"10960","1.0"
"10961","1.0"
"10962",""
"10963","0.4"
"10964","1.0"
"10965",""
"10966","1.0"
"10967","1.0"
"10968","0.4"
"10969",""
"10970","0.6666666666666666"
"10971",""
"10972","1.0"
"10973","0.8"
"10974","0.6666666666666666"
"10975","1.0"
"10976","1.0"
"10977","1.0"
"10978","0.6666666666666666"
"10979","1.0"
"10980","0.0"
"10981","0.5"
"10982","0.0"
"10983",""
"10984","1.0"
"10985",""
"10986","0.0"
"10987","1.0"
"10988",""
"10989","1.0"
"10990","1.0"
"10991","1.0"
"10992","0.6666666666666666"
"10993","1.0"
"10994","0.0"
"10995","0.0"
"10996","0.6666666666666666"
"10997","0.4"
"10998","0.0"
"10999","1.0"
"11000","1.0"
"11001",""
"11002",""
"11003","0.0"
"11004","1.0"
"11005","0.6666666666666666"
"11006","1.0"
"11007","0.6666666666666666"
"11008","1.0"
"11009","0.0"
"11010","1.0"
"11011","1.0"
"11012","0.0"
"11013","1.0"
"11014","1.0"
"11015","1.0"
"11016","0.0"
"11017","0.6666666666666666"
"11018","0.6666666666666666"
"11019","0.6666666666666666"
"11020",""
"11021","1.0"
"11022",""
"11023","0.5"
"11024","1.0"
"11025","0.8"
"11026","0.5714285714285715"
"11027",""
"11028","1.0"
"11029","0.0"
"11030","1.0"
"11031","1.0"
"11032","1.0"
"11033",""
"11034","1.0"
"11035","1.0"
"11036","0.4"
"11037","1.0"
"11038",""
"11039","1.0"
"11040","0.0"
"11041","0.0"
"11042","1.0"
"11043","1.0"
"11044","1.0"
"11045","0.0"
"11046","0.6666666666666666"
"11047","1.0"
"11048",""
"11049","0.6666666666666666"
"11050","0.6666666666666666"
"11051","1.0"
"11052","1.0"
"11053","0.5"
"11054","0.6666666666666666"
"11055","1.0"
"11056","1.0"
"11057","1.0"
"11058","0.0"
"11059","0.4"
"11060","1.0"
"11061","1.0"
"11062",""
"11063","0.6666666666666666"
"11064","1.0"
"11065",""
"11066","1.0"
"11067","1.0"
"11068","0.6666666666666666"
"11069","0.0"
"11070","0.5"
"11071","1.0"
"11072","0.6666666666666666"
"11073","0.6666666666666666"
"11074","1.0"
"11075",""
"11076","1.0"
"11077","1.0"
"11078","0.6666666666666666"
"11079","0.0"
"11080",""
"11081",""
"11082","1.0"
"11083",""
"11084","0.6666666666666666"
"11085","0.0"
"11086","1.0"
"11087","1.0"
"11088","1.0"
"11089","0.0"
"11090","0.6666666666666666"
"11091","0.5"
"11092",""
"11093","0.0"
"11094","0.0"
"11095","1.0"
"11096",""
"11097","0.6666666666666666"
"11098","0.5"
"11099",""
"11100","1.0"
"11101","0.0"
"11102","1.0"
"11103","1.0"
"11104","1.0"
"11105","1.0"
"11106","1.0"
"11107","0.5"
"11108","0.5"
"11109","0.6666666666666666"
"11110","0.6666666666666666"
"11111","1.0"
"11112","0.0"
"11113","1.0"
"11114","1.0"
"11115",""
"11116","0.0"
"11117","0.5"
"11118","1.0"
"11119","1.0"
"11120","1.0"
"11121","1.0"
"11122","1.0"
"11123","0.0"
"11124","1.0"
"11125","0.6666666666666666"
"11126","0.0"
"11127","1.0"
"11128","1.0"
"11129","1.0"
"11130",""
"11131","0.0"
"11132","0.6666666666666666"
"11133","1.0"
"11134","0.0"
"11135","1.0"
"11136","1.0"
"11137","1.0"
"11138","0.6666666666666666"
"11139","0.6666666666666666"
"11140","0.0"
"11141","0.6666666666666666"
"11142","0.0"
"11143","0.0"
"11144","0.0"
"11145","1.0"
"11146","1.0"
"11147","1.0"
"11148","1.0"
"11149","0.0"
"11150","0.0"
"11151","0.0"
"11152","1.0"
"11153",""
"11154","0.0"
"11155",""
"11156","0.0"
"11157","0.0"
"11158","1.0"
"11159","0.5"
"11160",""
"11161","0.0"
"11162","1.0"
"11163","0.0"
"11164","1.0"
"11165","0.6666666666666666"
"11166","0.6666666666666666"
"11167",""
"11168","1.0"
"11169","0.0"
"11170","0.6666666666666666"
"11171","1.0"
"11172",""
"11173","1.0"
"11174","1.0"
"11175","0.0"
"11176","1.0"
"11177","1.0"
"11178","0.0"
"11179","1.0"
"11180","0.5"
"11181","0.6666666666666666"
"11182","1.0"
"11183","1.0"
"11184","1.0"
"11185",""
"11186",""
"11187","1.0"
"11188","1.0"
"11189","1.0"
"11190","1.0"
"11191","0.8"
"11192","0.5"
"11193",""
"11194","1.0"
"11195","1.0"
"11196","0.8"
"11197","1.0"
"11198","0.0"
"11199",""
"11200","1.0"
"11201","1.0"
"11202","1.0"
"11203","1.0"
"11204","0.5"
"11205","0.5"
"11206","0.8"
"11207","1.0"
"11208","0.6666666666666666"
"11209","1.0"
"11210","1.0"
"11211","1.0"
"11212","1.0"
"11213","1.0"
"11214","0.6666666666666666"
"11215","0.6666666666666666"
"11216",""
"11217","1.0"
"11218","0.0"
"11219","0.6666666666666666"
"11220","1.0"
"11221","0.0"
"11222","0.0"
"11223","1.0"
"11224","1.0"
"11225","0.0"
"11226","0.0"
"11227",""
"11228","0.0"
"11229","1.0"
"11230","0.6666666666666666"
"11231","1.0"
"11232",""
"11233","1.0"
"11234","0.0"
"11235","0.0"
"11236","0.6666666666666666"
"11237","1.0"
"11238","1.0"
"11239","1.0"
"11240",""
"11241","0.0"
"11242","0.0"
"11243","1.0"
"11244","1.0"
"11245","0.8"
"11246","1.0"
"11247","1.0"
"11248","1.0"
"11249","1.0"
"11250","0.5"
"11251","0.6666666666666666"
"11252","0.0"
"11253","0.6666666666666666"
"11254","0.0"
"11255","1.0"
"11256","1.0"
"11257","0.0"
"11258","1.0"
"11259","1.0"
"11260",""
"11261","1.0"
"11262",""
"11263","1.0"
"11264","0.0"
"11265","0.0"
"11266","0.4"
"11267","0.6666666666666666"
"11268","0.6666666666666666"
"11269","1.0"
"11270","0.0"
"11271","0.0"
"11272","0.6666666666666666"
"11273",""
"11274","1.0"
"11275",""
"11276","1.0"
"11277","0.4"
"11278",""
"11279","1.0"
"11280",""
"11281","1.0"
"11282","1.0"
"11283","1.0"
"11284","1.0"
"11285","0.0"
"11286","0.6666666666666666"
"11287","1.0"
"11288",""
"11289",""
"11290","0.0"
"11291","1.0"
"11292","0.4"
"11293","1.0"
"11294","0.6666666666666666"
"11295","0.6666666666666666"
"11296",""
"11297","1.0"
"11298",""
"11299","1.0"
"11300","0.0"
"11301","0.0"
"11302","1.0"
"11303","0.8"
"11304","1.0"
"11305","0.6666666666666666"
"11306","1.0"
"11307","1.0"
"11308","1.0"
"11309","0.0"
"11310","0.5"
"11311","0.4"
"11312","0.5"
"11313","1.0"
"11314",""
"11315","1.0"
"11316",""
"11317","0.0"
"11318","1.0"
"11319","0.0"
"11320","1.0"
"11321","0.5"
"11322","1.0"
"11323","1.0"
"11324","0.0"
"11325","0.4"
"11326","1.0"
"11327","1.0"
"11328","1.0"
"11329","1.0"
"11330","1.0"
"11331",""
"11332","0.0"
"11333","0.0"
"11334","1.0"
"11335","0.8"
"11336","0.6666666666666666"
"11337","0.0"
"11338","1.0"
"11339","1.0"
"11340","1.0"
"11341","1.0"
"11342","1.0"
"11343","1.0"
"11344","0.4"
"11345",""
"11346","0.0"
"11347","0.0"
"11348","1.0"
"11349","0.0"
"11350",""
"11351","1.0"
"11352","0.0"
"11353","0.0"
"11354","1.0"
"11355","0.6666666666666666"
"11356","1.0"
"11357","1.0"
"11358","0.4"
"11359","1.0"
"11360","0.6666666666666666"
"11361",""
"11362","0.6666666666666666"
"11363","1.0"
"11364","1.0"
"11365","1.0"
"11366","1.0"
"11367","1.0"
"11368",""
"11369","1.0"
"11370","0.0"
"11371","1.0"
"11372","1.0"
"11373","1.0"
"11374","1.0"
"11375","0.5"
"11376","1.0"
"11377",""
"11378",""
"11379","1.0"
"11380","0.6666666666666666"
"11381",""
"11382","0.6666666666666666"
"11383","0.6666666666666666"
"11384","1.0"
"11385","0.0"
"11386","0.8"
"11387",""
"11388","0.0"
"11389","1.0"
"11390","1.0"
"11391","1.0"
"11392","1.0"
"11393","0.6666666666666666"
"11394",""
"11395","0.8"
"11396",""
"11397","0.6666666666666666"
"11398","0.5"
"11399","1.0"
"11400","0.4"
"11401","1.0"
"11402",""
"11403",""
"11404","1.0"
"11405","1.0"
"11406","1.0"
"11407",""
"11408","1.0"
"11409","1.0"
"11410",""
"11411","0.6666666666666666"
"11412","1.0"
"11413",""
"11414",""
"11415","1.0"
"11416","0.4"
"11417","1.0"
"11418","1.0"
"11419","1.0"
"11420","0.5"
"11421","1.0"
"11422","0.0"
"11423","1.0"
"11424","0.5"
"11425","1.0"
"11426","0.0"
"11427","1.0"
"11428","1.0"
"11429","1.0"
"11430",""
"11431","1.0"
"11432","1.0"
"11433","0.0"
"11434","0.0"
"11435","1.0"
"11436","1.0"
"11437","0.0"
"11438","0.0"
"11439",""
"11440","1.0"
"11441",""
"11442","1.0"
"11443","1.0"
"11444","1.0"
"11445","1.0"
"11446","0.8"
"11447","1.0"
"11448","0.0"
"11449","0.0"
"11450",""
"11451","0.0"
"11452","1.0"
"11453",""
"11454","1.0"
"11455","0.0"
"11456","1.0"
"11457","0.0"
"11458","0.8"
"11459","1.0"
"11460","0.6666666666666666"
"11461","1.0"
"11462","1.0"
"11463",""
"11464","1.0"
"11465","1.0"
"11466","1.0"
"11467","1.0"
"11468","0.6666666666666666"
"11469","1.0"
"11470",""
"11471","1.0"
"11472","0.6666666666666666"
"11473","0.5"
"11474","1.0"
"11475","0.0"
"11476","0.6666666666666666"
"11477","1.0"
"11478","1.0"
"11479",""
"11480","0.6666666666666666"
"11481","1.0"
"11482",""
"11483","0.0"
"11484","0.6666666666666666"
"11485","1.0"
"11486","0.6666666666666666"
"11487","1.0"
"11488","0.0"
"11489","1.0"
"11490","1.0"
"11491","0.6666666666666666"
"11492","1.0"
"11493","1.0"
"11494",""
"11495","0.6666666666666666"
"11496",""
"11497","0.5"
"11498","1.0"
"11499","0.0"
"11500","1.0"
"11501","0.6666666666666666"
"11502","0.0"
"11503","1.0"
"11504","1.0"
"11505",""
"11506","1.0"
"11507","1.0"
"11508","1.0"
"11509","1.0"
"11510","0.4"
"11511","0.0"
"11512","1.0"
"11513","0.5"
"11514","0.6666666666666666"
"11515","1.0"
"11516","0.0"
"11517","0.0"
"11518","0.0"
"11519","0.6666666666666666"
"11520","0.4"
"11521","0.6666666666666666"
"11522","0.5"
"11523","1.0"
"11524",""
"11525","0.6666666666666666"
"11526","0.0"
"11527","0.6666666666666666"
"11528","1.0"
"11529","1.0"
"11530","0.0"
"11531","1.0"
"11532",""
"11533",""
"11534",""
"11535","0.4"
"11536","0.0"
"11537","1.0"
"11538",""
"11539","0.6666666666666666"
"11540","1.0"
"11541","1.0"
"11542","0.6666666666666666"
"11543","1.0"
"11544",""
"11545","0.6666666666666666"
"11546",""
"11547","0.6666666666666666"
"11548","1.0"
"11549","1.0"
"11550","0.0"
"11551","0.0"
"11552","0.4"
"11553","0.6666666666666666"
"11554","0.3333333333333333"
"11555","0.5"
"11556","1.0"
"11557","0.6666666666666666"
"11558","1.0"
"11559","0.8"
"11560","0.6666666666666666"
"11561","1.0"
"11562","0.0"
"11563","1.0"
"11564","1.0"
"11565","0.5"
"11566","1.0"
"11567","0.0"
"11568","0.6666666666666666"
"11569","1.0"
"11570","1.0"
"11571","0.0"
"11572",""
"11573","1.0"
"11574","1.0"
"11575",""
"11576","1.0"
"11577","0.0"
"11578","0.6666666666666666"
"11579","1.0"
"11580","1.0"
"11581",""
"11582","1.0"
"11583","1.0"
"11584","0.3333333333333333"
"11585","1.0"
"11586","1.0"
"11587","0.0"
"11588","0.6666666666666666"
"11589","0.0"
"11590","0.0"
"11591","0.0"
"11592","1.0"
"11593","1.0"
"11594","0.0"
"11595",""
"11596","0.6666666666666666"
"11597","0.0"
"11598","0.5"
"11599","1.0"
"11600","1.0"
"11601",""
"11602","1.0"
"11603","1.0"
"11604","0.6666666666666666"
"11605",""
"11606","1.0"
"11607","0.6666666666666666"
"11608","0.6666666666666666"
"11609","1.0"
"11610",""
"11611","1.0"
"11612",""
"11613","0.6666666666666666"
"11614","1.0"
"11615","1.0"
"11616",""
"11617","1.0"
"11618","1.0"
"11619","1.0"
"11620","0.0"
"11621","1.0"
"11622","0.0"
"11623","0.6666666666666666"
"11624","1.0"
"11625","1.0"
"11626","0.0"
"11627","0.0"
"11628","1.0"
"11629","1.0"
"11630","0.5"
"11631",""
"11632","0.0"
"11633","1.0"
"11634","1.0"
"11635",""
"11636",""
"11637",""
"11638","0.5"
"11639","0.0"
"11640","1.0"
"11641","1.0"
"11642","1.0"
"11643","1.0"
"11644",""
"11645","0.4"
"11646","0.0"
"11647","0.0"
"11648",""
"11649",""
"11650","0.5"
"11651","0.0"
"11652","1.0"
"11653","0.6666666666666666"
"11654","1.0"
"11655","0.0"
"11656","1.0"
"11657","1.0"
"11658","0.0"
"11659","0.6666666666666666"
"11660","1.0"
"11661","0.6666666666666666"
"11662",""
"11663","0.6666666666666666"
"11664","0.6666666666666666"
"11665","1.0"
"11666","1.0"
"11667","1.0"
"11668",""
"11669","0.6666666666666666"
"11670","1.0"
"11671","0.5"
"11672","1.0"
"11673",""
"11674","1.0"
"11675","1.0"
"11676","1.0"
"11677","0.6666666666666666"
"11678","0.0"
"11679","0.0"
"11680","0.6666666666666666"
"11681","1.0"
"11682","1.0"
"11683","1.0"
"11684",""
"11685",""
"11686",""
"11687",""
"11688","1.0"
"11689","0.0"
"11690","0.6666666666666666"
"11691","1.0"
"11692","1.0"
"11693","1.0"
"11694","0.0"
"11695","1.0"
"11696",""
"11697","1.0"
"11698","0.0"
"11699","1.0"
"11700","0.0"
"11701",""
"11702","1.0"
"11703","0.3333333333333333"
"11704","1.0"
"11705","1.0"
"11706","1.0"
"11707",""
"11708",""
"11709","1.0"
"11710","0.8"
"11711","1.0"
"11712","0.0"
"11713","0.0"
"11714","0.5"
"11715","0.0"
"11716","0.0"
"11717",""
"11718","1.0"
"11719","1.0"
"11720","1.0"
"11721",""
"11722","0.5"
"11723","0.5"
"11724","1.0"
"11725","0.0"
"11726","1.0"
"11727","0.0"
"11728","0.0"
"11729","1.0"
"11730",""
"11731",""
"11732","1.0"
"11733","1.0"
"11734","1.0"
"11735","1.0"
"11736",""
"11737","1.0"
"11738","0.5"
"11739","0.6666666666666666"
"11740",""
"11741",""
"11742",""
"11743","0.6666666666666666"
"11744",""
"11745","0.0"
"11746","0.0"
"11747","0.6666666666666666"
"11748",""
"11749","0.0"
"11750","0.0"
"11751",""
"11752","1.0"
"11753","1.0"
"11754","0.0"
"11755","1.0"
"11756","0.0"
"11757","1.0"
"11758","1.0"
"11759","0.5"
"11760","0.0"
"11761","1.0"
"11762","1.0"
"11763","1.0"
"11764","1.0"
"11765","1.0"
"11766","1.0"
"11767","0.6666666666666666"
"11768","1.0"
"11769","0.0"
"11770","1.0"
"11771","1.0"
"11772","0.6666666666666666"
"11773","0.3333333333333333"
"11774","0.6666666666666666"
"11775","1.0"
"11776","1.0"
"11777","1.0"
"11778","1.0"
"11779","1.0"
"11780","0.4"
"11781","1.0"
"11782","1.0"
"11783","0.6666666666666666"
"11784","0.6666666666666666"
"11785","1.0"
"11786","1.0"
"11787","0.0"
"11788","1.0"
"11789","1.0"
"11790","1.0"
"11791","0.5"
"11792","1.0"
"11793",""
"11794","0.0"
"11795","0.5"
"11796",""
"11797","0.6666666666666666"
"11798",""
"11799","1.0"
"11800","0.0"
"11801","1.0"
"11802","1.0"
"11803","1.0"
"11804","0.8"
"11805","0.6666666666666666"
"11806","1.0"
"11807","0.6666666666666666"
"11808","0.0"
"11809","1.0"
"11810","1.0"
"11811","0.8"
"11812","1.0"
"11813","0.5"
"11814","0.4"
"11815",""
"11816","1.0"
"11817","0.6666666666666666"
"11818","1.0"
"11819","0.6666666666666666"
"11820",""
"11821","0.0"
"11822",""
"11823",""
"11824","1.0"
"11825","1.0"
"11826",""
"11827","0.0"
"11828","1.0"
"11829","0.0"
"11830","1.0"
"11831","0.0"
"11832","1.0"
"11833","1.0"
"11834","1.0"
"11835","0.6666666666666666"
"11836","0.0"
"11837","0.5"
"11838","0.0"
"11839",""
"11840","0.0"
"11841","0.6666666666666666"
"11842","1.0"
"11843","0.0"
"11844",""
"11845","1.0"
"11846","1.0"
"11847","1.0"
"11848","0.0"
"11849","1.0"
"11850","0.0"
"11851",""
"11852",""
"11853","0.8"
"11854","0.6666666666666666"
"11855","1.0"
"11856","1.0"
"11857","1.0"
"11858","0.0"
"11859","1.0"
"11860",""
"11861","1.0"
"11862","1.0"
"11863",""
"11864","0.0"
"11865","1.0"
"11866","1.0"
"11867","0.0"
"11868","1.0"
"11869","0.0"
"11870","1.0"
"11871","1.0"
"11872","0.0"
"11873","0.0"
"11874","0.6666666666666666"
"11875","0.6666666666666666"
"11876","1.0"
"11877","1.0"
"11878","1.0"
"11879","1.0"
"11880","1.0"
"11881",""
"11882","0.5"
"11883",""
"11884","0.4"
"11885",""
"11886","0.6666666666666666"
"11887","1.0"
"11888","0.8"
"11889","1.0"
"11890",""
"11891","1.0"
"11892","0.6666666666666666"
"11893","0.0"
"11894","1.0"
"11895","1.0"
"11896",""
"11897","0.0"
"11898","1.0"
"11899","0.6666666666666666"
"11900",""
"11901","0.5"
"11902","0.6666666666666666"
"11903","0.0"
"11904","1.0"
"11905",""
"11906",""
"11907","1.0"
"11908","1.0"
"11909","1.0"
"11910","1.0"
"11911","1.0"
"11912","0.6666666666666666"
"11913","1.0"
"11914","1.0"
"11915","1.0"
"11916","1.0"
"11917","0.0"
"11918",""
"11919","0.6666666666666666"
"11920","0.0"
"11921","1.0"
"11922","1.0"
"11923","1.0"
"11924","0.0"
"11925","0.4"
"11926","1.0"
"11927","0.0"
"11928","1.0"
"11929","1.0"
"11930","0.0"
"11931","1.0"
"11932","0.0"
"11933","1.0"
"11934","0.6666666666666666"
"11935","1.0"
"11936","0.6666666666666666"
"11937","0.0"
"11938","0.5"
"11939","0.6666666666666666"
"11940","1.0"
"11941","1.0"
"11942","0.6666666666666666"
"11943","1.0"
"11944","0.5"
"11945","1.0"
"11946","1.0"
"11947","1.0"
"11948","1.0"
"11949","0.0"
"11950","0.4"
"11951","1.0"
"11952","0.6666666666666666"
"11953",""
"11954","0.0"
"11955","1.0"
"11956","1.0"
"11957","0.0"
"11958",""
"11959","0.0"
"11960","1.0"
"11961",""
"11962","1.0"
"11963","0.0"
"11964","1.0"
"11965",""
"11966",""
"11967",""
"11968","1.0"
"11969","0.0"
"11970","1.0"
"11971","1.0"
"11972",""
"11973","0.6666666666666666"
"11974","1.0"
"11975","1.0"
"11976","0.0"
"11977","1.0"
"11978",""
"11979","0.0"
"11980","1.0"
"11981","1.0"
"11982","1.0"
"11983","1.0"
"11984","1.0"
"11985","1.0"
"11986","1.0"
"11987","1.0"
"11988",""
"11989","1.0"
"11990","1.0"
"11991","1.0"
"11992","0.6666666666666666"
"11993","0.0"
"11994","0.6666666666666666"
"11995","0.5"
"11996","0.4"
"11997",""
"11998","0.0"
"11999","1.0"
"12000","0.5"
"12001","0.0"
"12002","1.0"
"12003","1.0"
"12004","0.5"
"12005","1.0"
"12006",""
"12007",""
"12008","1.0"
"12009","1.0"
"12010","1.0"
"12011",""
"12012","0.5"
"12013","1.0"
"12014","1.0"
"12015","1.0"
"12016","0.0"
"12017","0.5"
"12018","0.3333333333333333"
"12019","0.0"
"12020","0.6666666666666666"
"12021","0.5"
"12022","0.0"
"12023","1.0"
"12024","0.0"
"12025","1.0"
"12026","0.4"
"12027",""
"12028",""
"12029","0.0"
"12030","0.0"
"12031",""
"12032","1.0"
"12033","0.0"
"12034","0.0"
"12035","1.0"
"12036","0.6666666666666666"
"12037","0.6666666666666666"
"12038","1.0"
"12039","1.0"
"12040",""
"12041","1.0"
"12042","1.0"
"12043",""
"12044",""
"12045",""
"12046",""
"12047","1.0"
"12048","0.6666666666666666"
"12049",""
"12050",""
"12051","0.0"
"12052",""
"12053","1.0"
"12054","0.0"
"12055","0.0"
"12056","0.6666666666666666"
"12057",""
"12058","0.6666666666666666"
"12059",""
"12060","1.0"
"12061","0.0"
"12062","1.0"
"12063","1.0"
"12064","1.0"
"12065","1.0"
"12066","0.5"
"12067","0.6666666666666666"
"12068",""
"12069","1.0"
"12070","1.0"
"12071",""
"12072","1.0"
"12073","1.0"
"12074","0.6666666666666666"
"12075","0.6666666666666666"
"12076","1.0"
"12077","1.0"
"12078","1.0"
"12079",""
"12080","1.0"
"12081","1.0"
"12082","1.0"
"12083","1.0"
"12084","1.0"
"12085","0.6666666666666666"
"12086",""
"12087","0.6666666666666666"
"12088","1.0"
"12089",""
"12090",""
"12091","1.0"
"12092","1.0"
"12093","0.6666666666666666"
"12094","0.6666666666666666"
"12095",""
"12096","0.0"
"12097","1.0"
"12098","0.6666666666666666"
"12099","1.0"
"12100","0.5"
"12101","1.0"
"12102","1.0"
"12103",""
"12104",""
"12105","1.0"
"12106",""
"12107","0.6666666666666666"
"12108","1.0"
"12109","0.0"
"12110","1.0"
"12111","1.0"
"12112",""
"12113","1.0"
"12114","0.6666666666666666"
"12115","0.0"
"12116",""
"12117",""
"12118","1.0"
"12119","1.0"
"12120","1.0"
"12121","1.0"
"12122","0.0"
"12123","0.6666666666666666"
"12124","1.0"
"12125","0.6666666666666666"
"12126","1.0"
"12127","0.0"
"12128","1.0"
"12129","0.8"
"12130","0.5"
"12131","1.0"
"12132",""
"12133","0.0"
"12134","0.0"
"12135","1.0"
"12136","1.0"
"12137","0.0"
"12138","1.0"
"12139",""
"12140","0.0"
"12141","0.6666666666666666"
"12142","0.8"
"12143","0.5"
"12144","0.6666666666666666"
"12145","1.0"
"12146","0.6666666666666666"
"12147","1.0"
"12148","1.0"
"12149",""
"12150","1.0"
"12151","0.6666666666666666"
"12152","1.0"
"12153","1.0"
"12154","0.3333333333333333"
"12155","0.0"
"12156","1.0"
"12157","0.5"
"12158","1.0"
"12159","1.0"
"12160",""
"12161","0.5"
"12162","1.0"
"12163","1.0"
"12164","0.0"
"12165","1.0"
"12166","1.0"
"12167","1.0"
"12168","0.0"
"12169","1.0"
"12170","0.0"
"12171","0.5714285714285715"
"12172","1.0"
"12173","1.0"
"12174","0.0"
"12175",""
"12176",""
"12177","1.0"
"12178","1.0"
"12179","0.0"
"12180","0.5"
"12181","0.5"
"12182","0.0"
"12183","1.0"
"12184","1.0"
"12185",""
"12186","0.6666666666666666"
"12187",""
"12188","0.6666666666666666"
"12189","0.5"
"12190","1.0"
"12191","0.4"
"12192",""
"12193","1.0"
"12194","0.0"
"12195","0.6666666666666666"
"12196","1.0"
"12197","0.6666666666666666"
"12198","1.0"
"12199","0.0"
"12200","0.0"
"12201",""
"12202","1.0"
"12203","0.0"
"12204","0.0"
"12205","1.0"
"12206","1.0"
"12207","1.0"
"12208","0.0"
"12209","0.8"
"12210","0.0"
"12211","0.8"
"12212","0.6666666666666666"
"12213","1.0"
"12214","1.0"
"12215","1.0"
"12216","1.0"
"12217","1.0"
"12218","0.0"
"12219","0.4"
"12220","1.0"
"12221","1.0"
"12222","1.0"
"12223","0.6666666666666666"
"12224","1.0"
"12225","1.0"
"12226","1.0"
"12227","0.6666666666666666"
"12228","1.0"
"12229","1.0"
"12230","0.0"
"12231","1.0"
"12232","0.6666666666666666"
"12233","1.0"
"12234","0.5"
"12235","1.0"
"12236","0.6666666666666666"
"12237","1.0"
"12238",""
"12239","1.0"
"12240","1.0"
"12241","1.0"
"12242","0.5"
"12243","1.0"
"12244","1.0"
"12245","0.0"
"12246","0.0"
"12247","1.0"
"12248","1.0"
"12249","0.6666666666666666"
"12250","0.0"
"12251","0.5"
"12252","1.0"
"12253","1.0"
"12254","0.0"
"12255","0.4"
"12256","0.4"
"12257",""
"12258",""
"12259","0.6666666666666666"
"12260","1.0"
"12261","0.6666666666666666"
"12262",""
"12263","1.0"
"12264",""
"12265","0.5"
"12266","0.6666666666666666"
"12267","1.0"
"12268","0.0"
"12269","0.0"
"12270","0.4"
"12271","0.6666666666666666"
"12272","1.0"
"12273","1.0"
"12274","1.0"
"12275","1.0"
"12276","1.0"
"12277","1.0"
"12278","1.0"
"12279","1.0"
"12280",""
"12281","1.0"
"12282","1.0"
"12283","0.0"
"12284","1.0"
"12285","0.6666666666666666"
"12286","1.0"
"12287","0.4"
"12288","1.0"
"12289","1.0"
"12290","0.0"
"12291","1.0"
"12292","0.0"
"12293","0.5714285714285715"
"12294","0.6666666666666666"
"12295","0.0"
"12296",""
"12297","0.0"
"12298","1.0"
"12299","0.6666666666666666"
"12300","1.0"
"12301","1.0"
"12302","0.4"
"12303","0.5"
"12304","1.0"
"12305","1.0"
"12306",""
"12307","0.6666666666666666"
"12308",""
"12309",""
"12310","0.0"
"12311","1.0"
"12312","0.3333333333333333"
"12313","0.4"
"12314","0.0"
"12315","1.0"
"12316","0.4"
"12317",""
"12318","1.0"
"12319","1.0"
"12320","1.0"
"12321","1.0"
"12322","0.0"
"12323","1.0"
"12324","1.0"
"12325","0.8"
"12326","1.0"
"12327","0.6666666666666666"
"12328",""
"12329","1.0"
"12330",""
"12331","1.0"
"12332","0.3333333333333333"
"12333","1.0"
"12334","0.6666666666666666"
"12335","1.0"
"12336","1.0"
"12337","0.0"
"12338","0.6666666666666666"
"12339","1.0"
"12340","1.0"
"12341","1.0"
"12342","1.0"
"12343","1.0"
"12344","0.0"
"12345","1.0"
"12346","0.6666666666666666"
"12347","0.0"
"12348","0.6666666666666666"
"12349","1.0"
"12350","0.0"
"12351","0.0"
"12352","0.0"
"12353","1.0"
"12354","1.0"
"12355",""
"12356","1.0"
"12357","0.6666666666666666"
"12358","0.6666666666666666"
"12359","0.0"
"12360",""
"12361",""
"12362","1.0"
"12363","1.0"
"12364",""
"12365","1.0"
"12366","1.0"
"12367","1.0"
"12368","1.0"
"12369",""
"12370","0.0"
"12371","1.0"
"12372","0.6666666666666666"
"12373","1.0"
"12374","1.0"
"12375",""
"12376","0.6666666666666666"
"12377","0.0"
"12378","0.6666666666666666"
"12379","0.6666666666666666"
"12380","1.0"
"12381","0.6666666666666666"
"12382","0.0"
"12383","0.0"
"12384","1.0"
"12385","0.0"
"12386","0.0"
"12387","1.0"
"12388","0.8"
"12389","1.0"
"12390","0.4"
"12391","1.0"
"12392","0.6666666666666666"
"12393",""
"12394","1.0"
"12395","0.0"
"12396","1.0"
"12397","1.0"
"12398","1.0"
"12399","1.0"
"12400",""
"12401","1.0"
"12402","1.0"
"12403","1.0"
"12404","1.0"
"12405","0.6666666666666666"
"12406","0.5"
"12407","0.6666666666666666"
"12408","0.0"
"12409","1.0"
"12410",""
"12411","1.0"
"12412",""
"12413","1.0"
"12414","0.5"
"12415",""
"12416","1.0"
"12417","1.0"
"12418","1.0"
"12419","0.0"
"12420","1.0"
"12421","0.0"
"12422","0.6666666666666666"
"12423",""
"12424","0.6666666666666666"
"12425","0.5"
"12426","0.0"
"12427","0.6666666666666666"
"12428","1.0"
"12429","1.0"
"12430","0.6666666666666666"
"12431",""
"12432","0.6666666666666666"
"12433","0.5"
"12434","1.0"
"12435","0.0"
"12436","1.0"
"12437","1.0"
"12438","1.0"
"12439","1.0"
"12440","0.6666666666666666"
"12441","0.6666666666666666"
"12442","0.5"
"12443","1.0"
"12444","0.6666666666666666"
"12445","1.0"
"12446","0.0"
"12447","0.0"
"12448","0.8"
"12449","1.0"
"12450",""
"12451","1.0"
"12452","0.5"
"12453","0.0"
"12454","1.0"
"12455","0.8"
"12456",""
"12457","1.0"
"12458","1.0"
"12459","0.0"
"12460","1.0"
"12461","0.6666666666666666"
"12462","0.6666666666666666"
"12463","1.0"
"12464","0.5"
"12465","0.0"
"12466","0.6666666666666666"
"12467","1.0"
"12468","1.0"
"12469",""
"12470","1.0"
"12471","0.5"
"12472","1.0"
"12473","1.0"
"12474","1.0"
"12475","1.0"
"12476","0.6666666666666666"
"12477","0.8"
"12478","1.0"
"12479","0.5"
"12480",""
"12481","0.6666666666666666"
"12482","0.0"
"12483","1.0"
"12484","1.0"
"12485",""
"12486","0.0"
"12487",""
"12488","0.0"
"12489","0.0"
"12490","0.8"
"12491","0.0"
"12492","0.6666666666666666"
"12493","0.6666666666666666"
"12494",""
"12495","0.6666666666666666"
"12496","0.0"
"12497","1.0"
"12498","0.6666666666666666"
"12499","0.6666666666666666"
"12500","0.0"
"12501",""
"12502","1.0"
"12503",""
"12504","0.0"
"12505",""
"12506","1.0"
"12507",""
"12508","1.0"
"12509",""
"12510","0.6666666666666666"
"12511",""
"12512","0.4"
"12513","0.0"
"12514","1.0"
"12515",""
"12516","0.6666666666666666"
"12517",""
"12518","1.0"
"12519","1.0"
"12520","0.0"
"12521","0.8"
"12522","1.0"
"12523","0.0"
"12524","1.0"
"12525","0.0"
"12526","0.0"
"12527",""
"12528","1.0"
"12529","0.0"
"12530","1.0"
"12531","0.0"
"12532",""
"12533","0.4"
"12534",""
"12535",""
"12536","1.0"
"12537","0.6666666666666666"
"12538",""
"12539","0.0"
"12540","1.0"
"12541","1.0"
"12542","0.6666666666666666"
"12543","0.5"
"12544","1.0"
"12545",""
"12546","0.0"
"12547","1.0"
"12548","0.0"
"12549",""
"12550","0.0"
"12551","0.6666666666666666"
"12552",""
"12553","1.0"
"12554","1.0"
"12555","1.0"
"12556","0.8"
"12557","1.0"
"12558","1.0"
"12559","0.4"
"12560",""
"12561","0.6666666666666666"
"12562","1.0"
"12563","0.0"
"12564","1.0"
"12565","0.6666666666666666"
"12566",""
"12567","0.0"
"12568","0.0"
"12569","1.0"
"12570",""
"12571","1.0"
"12572",""
"12573","1.0"
"12574","0.5"
"12575","0.5"
"12576","1.0"
"12577","1.0"
"12578","1.0"
"12579","1.0"
"12580","0.0"
"12581",""
"12582","1.0"
"12583","1.0"
"12584","1.0"
"12585","1.0"
"12586","0.4"
"12587","1.0"
"12588","1.0"
"12589","0.0"
"12590","1.0"
"12591","0.0"
"12592","0.8"
"12593","1.0"
"12594","0.0"
"12595","0.0"
"12596",""
"12597","1.0"
"12598","0.8"
"12599","0.0"
"12600","1.0"
"12601","0.0"
"12602","0.0"
"12603","0.5"
"12604","0.0"
"12605","1.0"
"12606","0.0"
"12607","1.0"
"12608",""
"12609","1.0"
"12610","1.0"
"12611","1.0"
"12612","1.0"
"12613","1.0"
"12614","0.0"
"12615","0.0"
"12616","0.6666666666666666"
"12617","0.0"
"12618",""
"12619","1.0"
"12620",""
"12621","1.0"
"12622","1.0"
"12623",""
"12624","1.0"
"12625","1.0"
"12626","1.0"
"12627","0.5"
"12628","1.0"
"12629","0.0"
"12630","1.0"
"12631","0.6666666666666666"
"12632","0.5"
"12633","1.0"
"12634",""
"12635","0.0"
"12636","0.0"
"12637","1.0"
"12638","1.0"
"12639","0.5"
"12640",""
"12641","0.5"
"12642","1.0"
"12643",""
"12644","1.0"
"12645",""
"12646","0.6666666666666666"
"12647","1.0"
"12648",""
"12649","0.6666666666666666"
"12650","1.0"
"12651","1.0"
"12652","0.5"
"12653",""
"12654","1.0"
"12655","1.0"
"12656","1.0"
"12657","0.0"
"12658","0.5"
"12659","0.6666666666666666"
"12660","1.0"
"12661","1.0"
"12662",""
"12663",""
"12664","0.0"
"12665","1.0"
"12666","1.0"
"12667","1.0"
"12668",""
"12669","0.0"
"12670","1.0"
"12671","1.0"
"12672","1.0"
"12673","0.0"
"12674",""
"12675","1.0"
"12676","0.6666666666666666"
"12677","0.0"
"12678","0.5"
"12679","0.5"
"12680","0.0"
"12681","0.0"
"12682","0.0"
"12683","0.0"
"12684","1.0"
"12685","0.0"
"12686","0.5"
"12687",""
"12688","0.6666666666666666"
"12689",""
"12690","1.0"
"12691","1.0"
"12692",""
"12693","0.0"
"12694","0.0"
"12695","1.0"
"12696","1.0"
"12697",""
"12698","0.0"
"12699",""
"12700",""
"12701","0.6666666666666666"
"12702","1.0"
"12703","0.0"
"12704","1.0"
"12705","1.0"
"12706","0.0"
"12707","0.0"
"12708",""
"12709",""
"12710",""
"12711","0.6666666666666666"
"12712","1.0"
"12713","0.6666666666666666"
"12714","1.0"
"12715","1.0"
"12716","1.0"
"12717","0.0"
"12718","1.0"
"12719",""
"12720",""
"12721","1.0"
"12722","1.0"
"12723","0.0"
"12724","1.0"
"12725","0.0"
"12726","1.0"
"12727","1.0"
"12728","1.0"
"12729","0.6666666666666666"
"12730","0.5"
"12731","1.0"
"12732","0.0"
"12733","1.0"
"12734","0.5"
"12735","0.6666666666666666"
"12736","1.0"
"12737","1.0"
"12738","0.6666666666666666"
"12739","0.5"
"12740",""
"12741","0.0"
"12742","0.0"
"12743","1.0"
"12744","0.0"
"12745","1.0"
"12746","0.5"
"12747","0.0"
"12748","0.0"
"12749","1.0"
"12750","1.0"
"12751",""
"12752","1.0"
"12753","1.0"
"12754","0.0"
"12755","0.6666666666666666"
"12756","0.6666666666666666"
"12757","1.0"
"12758","1.0"
"12759",""
"12760","1.0"
"12761","1.0"
"12762",""
"12763",""
"12764","0.5"
"12765","1.0"
"12766","1.0"
"12767","1.0"
"12768","0.0"
"12769","1.0"
"12770","0.0"
"12771","0.0"
"12772",""
"12773","0.0"
"12774","1.0"
"12775","1.0"
"12776",""
"12777","0.6666666666666666"
"12778","1.0"
"12779","1.0"
"12780",""
"12781","0.0"
"12782","1.0"
"12783","0.0"
"12784","1.0"
"12785","0.6666666666666666"
"12786","0.6666666666666666"
"12787","1.0"
"12788","0.0"
"12789","1.0"
"12790","0.6666666666666666"
"12791","0.0"
"12792","1.0"
"12793","1.0"
"12794","0.6666666666666666"
"12795","1.0"
"12796","0.8"
"12797",""
"12798","0.0"
"12799",""
"12800","0.6666666666666666"
"12801","1.0"
"12802","0.0"
"12803","0.6666666666666666"
"12804","1.0"
"12805","0.6666666666666666"
"12806",""
"12807","1.0"
"12808","0.6666666666666666"
"12809","0.6666666666666666"
"12810","0.6666666666666666"
"12811",""
"12812","0.5"
"12813","0.0"
"12814","1.0"
"12815","1.0"
"12816","1.0"
"12817",""
"12818","0.0"
"12819","0.0"
"12820","0.6666666666666666"
"12821","0.8"
"12822","0.0"
"12823","1.0"
"12824","1.0"
"12825","1.0"
"12826","0.6666666666666666"
"12827",""
"12828","1.0"
"12829","1.0"
"12830","0.0"
"12831","1.0"
"12832","0.5"
"12833","0.0"
"12834",""
"12835",""
"12836","0.6666666666666666"
"12837","0.6666666666666666"
"12838","1.0"
"12839","0.6666666666666666"
"12840","0.0"
"12841",""
"12842","1.0"
"12843","1.0"
"12844","1.0"
"12845","1.0"
"12846","1.0"
"12847","1.0"
"12848","1.0"
"12849","0.0"
"12850",""
"12851",""
"12852","0.6666666666666666"
"12853","1.0"
"12854","0.0"
"12855",""
"12856",""
"12857","1.0"
"12858","1.0"
"12859","0.5"
"12860","1.0"
"12861","1.0"
"12862",""
"12863","0.6666666666666666"
"12864","1.0"
"12865","1.0"
"12866",""
"12867",""
"12868",""
"12869","1.0"
"12870","1.0"
"12871","1.0"
"12872","1.0"
"12873","0.5"
"12874","0.6666666666666666"
"12875","1.0"
"12876","0.5"
"12877",""
"12878","0.0"
"12879","0.0"
"12880",""
"12881","0.6666666666666666"
"12882",""
"12883","0.0"
"12884","0.0"
"12885","1.0"
"12886","0.5"
"12887","1.0"
"12888","1.0"
"12889","0.0"
"12890","0.0"
"12891","0.5"
"12892",""
"12893","1.0"
"12894","0.0"
"12895","0.6666666666666666"
"12896","1.0"
"12897","0.0"
"12898","1.0"
"12899","0.5"
"12900","1.0"
"12901","1.0"
"12902","0.5"
"12903","1.0"
"12904",""
"12905","0.0"
"12906","0.0"
"12907","0.5"
"12908","0.0"
"12909","1.0"
"12910","1.0"
"12911","0.6666666666666666"
"12912","1.0"
"12913","1.0"
"12914","0.6666666666666666"
"12915","1.0"
"12916","1.0"
"12917","1.0"
"12918","0.0"
"12919",""
"12920","1.0"
"12921","0.0"
"12922","1.0"
"12923",""
"12924","1.0"
"12925","0.6666666666666666"
"12926","1.0"
"12927","1.0"
"12928","0.0"
"12929","0.6666666666666666"
"12930","0.8"
"12931","0.6666666666666666"
"12932",""
"12933","1.0"
"12934","0.4"
"12935",""
"12936","0.0"
"12937","1.0"
"12938","1.0"
"12939",""
"12940","0.0"
"12941",""
"12942","1.0"
"12943","0.0"
"12944","1.0"
"12945","0.0"
"12946","0.0"
"12947","1.0"
"12948","1.0"
"12949","0.8"
"12950","0.0"
"12951",""
"12952","1.0"
"12953",""
"12954","0.5"
"12955","1.0"
"12956","0.0"
"12957","0.0"
"12958","0.6666666666666666"
"12959",""
"12960","0.6666666666666666"
"12961","0.6666666666666666"
"12962",""
"12963",""
"12964","0.0"
"12965","1.0"
"12966","1.0"
"12967",""
"12968","1.0"
"12969","0.5"
"12970","1.0"
"12971","0.6666666666666666"
"12972","0.5"
"12973","1.0"
"12974","1.0"
"12975","1.0"
"12976","0.0"
"12977","1.0"
"12978","0.0"
"12979","0.6666666666666666"
"12980","1.0"
"12981","0.4"
"12982","1.0"
"12983","0.8"
"12984",""
"12985","1.0"
"12986","0.5"
"12987","0.6666666666666666"
"12988","1.0"
"12989","1.0"
"12990","0.0"
"12991","1.0"
"12992","1.0"
"12993","1.0"
"12994","0.0"
"12995","1.0"
"12996","1.0"
"12997","1.0"
"12998","1.0"
"12999","1.0"
"13000",""
"13001","1.0"
"13002","1.0"
"13003",""
"13004","0.0"
"13005","1.0"
"13006","1.0"
"13007",""
"13008","1.0"
"13009","0.5"
"13010","1.0"
"13011","0.0"
"13012","1.0"
"13013",""
"13014","0.0"
"13015","1.0"
"13016","0.0"
"13017","0.6666666666666666"
"13018","0.0"
"13019",""
"13020","1.0"
"13021",""
"13022","1.0"
"13023","1.0"
"13024","1.0"
"13025","1.0"
"13026","0.0"
"13027","0.6666666666666666"
"13028","0.0"
"13029",""
"13030",""
"13031","1.0"
"13032",""
"13033","0.6666666666666666"
"13034","1.0"
"13035",""
"13036","1.0"
"13037","1.0"
"13038","1.0"
"13039","1.0"
"13040","0.5"
"13041","0.0"
"13042","0.3333333333333333"
"13043","1.0"
"13044","0.0"
"13045","0.6666666666666666"
"13046","0.0"
"13047","1.0"
"13048",""
"13049","1.0"
"13050","1.0"
"13051","0.0"
"13052",""
"13053","0.6666666666666666"
"13054","1.0"
"13055","1.0"
"13056","1.0"
"13057","1.0"
"13058",""
"13059",""
"13060","1.0"
"13061","1.0"
"13062","1.0"
"13063","0.0"
"13064","1.0"
"13065","1.0"
"13066","1.0"
"13067","0.5"
"13068",""
"13069",""
"13070","1.0"
"13071","0.0"
"13072","0.0"
"13073","0.0"
"13074","1.0"
"13075","0.0"
"13076",""
"13077","1.0"
"13078","0.0"
"13079","1.0"
"13080","0.0"
"13081","1.0"
"13082","0.0"
"13083","0.6666666666666666"
"13084","1.0"
"13085","0.4"
"13086","1.0"
"13087","1.0"
"13088","1.0"
"13089","0.0"
"13090","1.0"
"13091","0.0"
"13092","1.0"
"13093","0.0"
"13094","1.0"
"13095","0.0"
"13096","0.6666666666666666"
"13097",""
"13098","0.0"
"13099","0.0"
"13100","1.0"
"13101","1.0"
"13102","1.0"
"13103","1.0"
"13104","1.0"
"13105",""
"13106","1.0"
"13107","1.0"
"13108",""
"13109","1.0"
"13110","0.6666666666666666"
"13111",""
"13112","1.0"
"13113","1.0"
"13114","0.0"
"13115","0.0"
"13116",""
"13117","0.6666666666666666"
"13118",""
"13119","1.0"
"13120","1.0"
"13121","1.0"
"13122",""
"13123","1.0"
"13124",""
"13125","0.0"
"13126","0.6666666666666666"
"13127","0.6666666666666666"
"13128",""
"13129","1.0"
"13130","1.0"
"13131",""
"13132",""
"13133","0.0"
"13134","0.8"
"13135","0.6666666666666666"
"13136","1.0"
"13137",""
"13138","1.0"
"13139","1.0"
"13140",""
"13141","1.0"
"13142","0.6666666666666666"
"13143","0.0"
"13144",""
"13145","0.6666666666666666"
"13146","1.0"
"13147","1.0"
"13148","0.0"
"13149","0.4"
"13150","0.0"
"13151","1.0"
"13152","1.0"
"13153","1.0"
"13154","0.0"
"13155","1.0"
"13156","0.5"
"13157","0.5"
"13158","0.6666666666666666"
"13159",""
"13160",""
"13161","0.6666666666666666"
"13162",""
"13163","0.6666666666666666"
"13164",""
"13165","0.0"
"13166","0.6666666666666666"
"13167","1.0"
"13168","1.0"
"13169",""
"13170","0.5"
"13171","0.0"
"13172","1.0"
"13173","1.0"
"13174",""
"13175","1.0"
"13176","0.0"
"13177","0.6666666666666666"
"13178","1.0"
"13179","0.0"
"13180","1.0"
"13181","1.0"
"13182",""
"13183","0.5"
"13184",""
"13185","1.0"
"13186",""
"13187","1.0"
"13188","0.0"
"13189","0.0"
"13190",""
"13191","0.6666666666666666"
"13192","1.0"
"13193","1.0"
"13194",""
"13195","0.6666666666666666"
"13196","0.6666666666666666"
"13197","1.0"
"13198","1.0"
"13199","0.5"
"13200","1.0"
"13201",""
"13202","0.6666666666666666"
"13203","1.0"
"13204","1.0"
"13205","1.0"
"13206",""
"13207","1.0"
"13208","1.0"
"13209","0.0"
"13210","1.0"
"13211","1.0"
"13212","1.0"
"13213","1.0"
"13214",""
"13215","0.0"
"13216","1.0"
"13217","0.6666666666666666"
"13218","0.6666666666666666"
"13219","0.0"
"13220","1.0"
"13221","0.5"
"13222","1.0"
"13223","0.6666666666666666"
"13224","0.6666666666666666"
"13225","0.0"
"13226","0.6666666666666666"
"13227","0.8"
"13228","0.6666666666666666"
"13229","0.5"
"13230","1.0"
"13231","0.8"
"13232",""
"13233","1.0"
"13234","1.0"
"13235","0.8"
"13236","1.0"
"13237","1.0"
"13238","0.8"
"13239","1.0"
"13240","0.6666666666666666"
"13241","0.0"
"13242","1.0"
"13243","1.0"
"13244","1.0"
"13245","0.5"
"13246",""
"13247","0.6666666666666666"
"13248","0.8"
"13249","0.6666666666666666"
"13250",""
"13251","1.0"
"13252","0.6666666666666666"
